,lat,lon
0,57.97,7.67
1,57.97,7.83
2,57.97,8.0
3,58.05,7.5
4,58.05,7.67
5,58.05,7.83
6,58.05,8.0
7,58.05,8.17
8,58.13,7.16
9,58.13,7.33
10,58.13,7.5
11,58.13,7.67
12,58.13,7.83
13,58.13,8.0
14,58.13,8.17
15,58.13,8.34
16,58.22,6.99
17,58.22,7.16
18,58.22,7.33
19,58.22,7.5
20,58.22,7.67
21,58.22,7.83
22,58.22,8.0
23,58.22,8.17
24,58.22,8.34
25,58.22,8.51
26,58.3,6.66
27,58.3,6.82
28,58.3,6.99
29,58.3,7.16
30,58.3,7.33
31,58.3,7.5
32,58.3,7.67
33,58.3,7.83
34,58.3,8.0
35,58.3,8.17
36,58.3,8.34
37,58.3,8.51
38,58.3,8.68
39,58.38,6.49
40,58.38,6.66
41,58.38,6.82
42,58.38,6.99
43,58.38,7.16
44,58.38,7.33
45,58.38,7.5
46,58.38,7.67
47,58.38,7.83
48,58.38,8.0
49,58.38,8.17
50,58.38,8.34
51,58.38,8.51
52,58.38,8.68
53,58.46,6.15
54,58.46,6.32
55,58.46,6.49
56,58.46,6.66
57,58.46,6.82
58,58.46,6.99
59,58.46,7.16
60,58.46,7.33
61,58.46,7.5
62,58.46,7.67
63,58.46,7.83
64,58.46,8.0
65,58.46,8.17
66,58.46,8.34
67,58.46,8.51
68,58.46,8.68
69,58.46,8.84
70,58.54,5.98
71,58.54,6.15
72,58.54,6.32
73,58.54,6.49
74,58.54,6.66
75,58.54,6.82
76,58.54,6.99
77,58.54,7.16
78,58.54,7.33
79,58.54,7.5
80,58.54,7.67
81,58.54,7.83
82,58.54,8.0
83,58.54,8.17
84,58.54,8.34
85,58.54,8.51
86,58.54,8.68
87,58.54,8.84
88,58.54,9.01
89,58.62,5.64
90,58.62,5.81
91,58.62,5.98
92,58.62,6.15
93,58.62,6.32
94,58.62,6.49
95,58.62,6.66
96,58.62,6.82
97,58.62,6.99
98,58.62,7.16
99,58.62,7.33
100,58.62,7.5
101,58.62,7.67
102,58.62,7.83
103,58.62,8.0
104,58.62,8.17
105,58.62,8.34
106,58.62,8.51
107,58.62,8.68
108,58.62,8.84
109,58.62,9.01
110,58.62,9.18
111,58.7,5.64
112,58.7,5.81
113,58.7,5.98
114,58.7,6.15
115,58.7,6.32
116,58.7,6.49
117,58.7,6.66
118,58.7,6.82
119,58.7,6.99
120,58.7,7.16
121,58.7,7.33
122,58.7,7.5
123,58.7,7.67
124,58.7,7.83
125,58.7,8.0
126,58.7,8.17
127,58.7,8.34
128,58.7,8.51
129,58.7,8.68
130,58.7,8.84
131,58.7,9.01
132,58.7,9.18
133,58.7,9.35
134,58.79,5.64
135,58.79,5.81
136,58.79,5.98
137,58.79,6.15
138,58.79,6.32
139,58.79,6.49
140,58.79,6.66
141,58.79,6.82
142,58.79,6.99
143,58.79,7.16
144,58.79,7.33
145,58.79,7.5
146,58.79,7.67
147,58.79,7.83
148,58.79,8.0
149,58.79,8.17
150,58.79,8.34
151,58.79,8.51
152,58.79,8.68
153,58.79,8.84
154,58.79,9.01
155,58.79,9.18
156,58.79,9.35
157,58.79,9.52
158,58.87,5.48
159,58.87,5.64
160,58.87,5.81
161,58.87,5.98
162,58.87,6.15
163,58.87,6.32
164,58.87,6.49
165,58.87,6.66
166,58.87,6.82
167,58.87,6.99
168,58.87,7.16
169,58.87,7.33
170,58.87,7.5
171,58.87,7.67
172,58.87,7.83
173,58.87,8.0
174,58.87,8.17
175,58.87,8.34
176,58.87,8.51
177,58.87,8.68
178,58.87,8.84
179,58.87,9.01
180,58.87,9.18
181,58.87,9.35
182,58.87,9.52
183,58.87,9.69
184,58.95,5.48
185,58.95,5.64
186,58.95,5.81
187,58.95,5.98
188,58.95,6.15
189,58.95,6.32
190,58.95,6.49
191,58.95,6.66
192,58.95,6.82
193,58.95,6.99
194,58.95,7.16
195,58.95,7.33
196,58.95,7.5
197,58.95,7.67
198,58.95,7.83
199,58.95,8.0
200,58.95,8.17
201,58.95,8.34
202,58.95,8.51
203,58.95,8.68
204,58.95,8.84
205,58.95,9.01
206,58.95,9.18
207,58.95,9.35
208,58.95,9.52
209,58.95,9.69
210,58.95,9.85
211,58.95,11.03
212,58.95,11.2
213,58.95,11.37
214,58.95,11.54
215,58.95,11.71
216,59.03,5.48
217,59.03,5.64
218,59.03,5.81
219,59.03,5.98
220,59.03,6.15
221,59.03,6.32
222,59.03,6.49
223,59.03,6.66
224,59.03,6.82
225,59.03,6.99
226,59.03,7.16
227,59.03,7.33
228,59.03,7.5
229,59.03,7.67
230,59.03,7.83
231,59.03,8.0
232,59.03,8.17
233,59.03,8.34
234,59.03,8.51
235,59.03,8.68
236,59.03,8.84
237,59.03,9.01
238,59.03,9.18
239,59.03,9.35
240,59.03,9.52
241,59.03,9.69
242,59.03,9.85
243,59.03,10.02
244,59.03,11.03
245,59.03,11.2
246,59.03,11.37
247,59.03,11.54
248,59.03,11.71
249,59.11,5.48
250,59.11,5.64
251,59.11,5.81
252,59.11,5.98
253,59.11,6.15
254,59.11,6.32
255,59.11,6.49
256,59.11,6.66
257,59.11,6.82
258,59.11,6.99
259,59.11,7.16
260,59.11,7.33
261,59.11,7.5
262,59.11,7.67
263,59.11,7.83
264,59.11,8.0
265,59.11,8.17
266,59.11,8.34
267,59.11,8.51
268,59.11,8.68
269,59.11,8.84
270,59.11,9.01
271,59.11,9.18
272,59.11,9.35
273,59.11,9.52
274,59.11,9.69
275,59.11,9.85
276,59.11,10.02
277,59.11,10.19
278,59.11,10.87
279,59.11,11.03
280,59.11,11.2
281,59.11,11.37
282,59.11,11.54
283,59.11,11.71
284,59.19,5.48
285,59.19,5.64
286,59.19,5.81
287,59.19,5.98
288,59.19,6.15
289,59.19,6.32
290,59.19,6.49
291,59.19,6.66
292,59.19,6.82
293,59.19,6.99
294,59.19,7.16
295,59.19,7.33
296,59.19,7.5
297,59.19,7.67
298,59.19,7.83
299,59.19,8.0
300,59.19,8.17
301,59.19,8.34
302,59.19,8.51
303,59.19,8.68
304,59.19,8.84
305,59.19,9.01
306,59.19,9.18
307,59.19,9.35
308,59.19,9.52
309,59.19,9.69
310,59.19,9.85
311,59.19,10.02
312,59.19,10.19
313,59.19,10.36
314,59.19,10.87
315,59.19,11.03
316,59.19,11.2
317,59.19,11.37
318,59.19,11.54
319,59.19,11.71
320,59.19,11.88
321,59.27,5.48
322,59.27,5.64
323,59.27,5.81
324,59.27,5.98
325,59.27,6.15
326,59.27,6.32
327,59.27,6.49
328,59.27,6.66
329,59.27,6.82
330,59.27,6.99
331,59.27,7.16
332,59.27,7.33
333,59.27,7.5
334,59.27,7.67
335,59.27,7.83
336,59.27,8.0
337,59.27,8.17
338,59.27,8.34
339,59.27,8.51
340,59.27,8.68
341,59.27,8.84
342,59.27,9.01
343,59.27,9.18
344,59.27,9.35
345,59.27,9.52
346,59.27,9.69
347,59.27,9.85
348,59.27,10.02
349,59.27,10.19
350,59.27,10.36
351,59.27,10.7
352,59.27,10.87
353,59.27,11.03
354,59.27,11.2
355,59.27,11.37
356,59.27,11.54
357,59.27,11.71
358,59.27,11.88
359,59.36,5.31
360,59.36,5.48
361,59.36,5.64
362,59.36,5.81
363,59.36,5.98
364,59.36,6.15
365,59.36,6.32
366,59.36,6.49
367,59.36,6.66
368,59.36,6.82
369,59.36,6.99
370,59.36,7.16
371,59.36,7.33
372,59.36,7.5
373,59.36,7.67
374,59.36,7.83
375,59.36,8.0
376,59.36,8.17
377,59.36,8.34
378,59.36,8.51
379,59.36,8.68
380,59.36,8.84
381,59.36,9.01
382,59.36,9.18
383,59.36,9.35
384,59.36,9.52
385,59.36,9.69
386,59.36,9.85
387,59.36,10.02
388,59.36,10.19
389,59.36,10.36
390,59.36,10.53
391,59.36,10.7
392,59.36,10.87
393,59.36,11.03
394,59.36,11.2
395,59.36,11.37
396,59.36,11.54
397,59.36,11.71
398,59.36,11.88
399,59.44,5.31
400,59.44,5.48
401,59.44,5.64
402,59.44,5.81
403,59.44,5.98
404,59.44,6.15
405,59.44,6.32
406,59.44,6.49
407,59.44,6.66
408,59.44,6.82
409,59.44,6.99
410,59.44,7.16
411,59.44,7.33
412,59.44,7.5
413,59.44,7.67
414,59.44,7.83
415,59.44,8.0
416,59.44,8.17
417,59.44,8.34
418,59.44,8.51
419,59.44,8.68
420,59.44,8.84
421,59.44,9.01
422,59.44,9.18
423,59.44,9.35
424,59.44,9.52
425,59.44,9.69
426,59.44,9.85
427,59.44,10.02
428,59.44,10.19
429,59.44,10.36
430,59.44,10.53
431,59.44,10.7
432,59.44,10.87
433,59.44,11.03
434,59.44,11.2
435,59.44,11.37
436,59.44,11.54
437,59.44,11.71
438,59.44,11.88
439,59.44,12.04
440,59.52,5.31
441,59.52,5.48
442,59.52,5.64
443,59.52,5.81
444,59.52,5.98
445,59.52,6.15
446,59.52,6.32
447,59.52,6.49
448,59.52,6.66
449,59.52,6.82
450,59.52,6.99
451,59.52,7.16
452,59.52,7.33
453,59.52,7.5
454,59.52,7.67
455,59.52,7.83
456,59.52,8.0
457,59.52,8.17
458,59.52,8.34
459,59.52,8.51
460,59.52,8.68
461,59.52,8.84
462,59.52,9.01
463,59.52,9.18
464,59.52,9.35
465,59.52,9.52
466,59.52,9.69
467,59.52,9.85
468,59.52,10.02
469,59.52,10.19
470,59.52,10.36
471,59.52,10.53
472,59.52,10.7
473,59.52,10.87
474,59.52,11.03
475,59.52,11.2
476,59.52,11.37
477,59.52,11.54
478,59.52,11.71
479,59.52,11.88
480,59.52,12.04
481,59.6,5.31
482,59.6,5.48
483,59.6,5.64
484,59.6,5.81
485,59.6,5.98
486,59.6,6.15
487,59.6,6.32
488,59.6,6.49
489,59.6,6.66
490,59.6,6.82
491,59.6,6.99
492,59.6,7.16
493,59.6,7.33
494,59.6,7.5
495,59.6,7.67
496,59.6,7.83
497,59.6,8.0
498,59.6,8.17
499,59.6,8.34
500,59.6,8.51
501,59.6,8.68
502,59.6,8.84
503,59.6,9.01
504,59.6,9.18
505,59.6,9.35
506,59.6,9.52
507,59.6,9.69
508,59.6,9.85
509,59.6,10.02
510,59.6,10.19
511,59.6,10.36
512,59.6,10.53
513,59.6,10.7
514,59.6,10.87
515,59.6,11.03
516,59.6,11.2
517,59.6,11.37
518,59.6,11.54
519,59.6,11.71
520,59.6,11.88
521,59.6,12.04
522,59.68,5.31
523,59.68,5.48
524,59.68,5.64
525,59.68,5.81
526,59.68,5.98
527,59.68,6.15
528,59.68,6.32
529,59.68,6.49
530,59.68,6.66
531,59.68,6.82
532,59.68,6.99
533,59.68,7.16
534,59.68,7.33
535,59.68,7.5
536,59.68,7.67
537,59.68,7.83
538,59.68,8.0
539,59.68,8.17
540,59.68,8.34
541,59.68,8.51
542,59.68,8.68
543,59.68,8.84
544,59.68,9.01
545,59.68,9.18
546,59.68,9.35
547,59.68,9.52
548,59.68,9.69
549,59.68,9.85
550,59.68,10.02
551,59.68,10.19
552,59.68,10.36
553,59.68,10.53
554,59.68,10.7
555,59.68,10.87
556,59.68,11.03
557,59.68,11.2
558,59.68,11.37
559,59.68,11.54
560,59.68,11.71
561,59.68,11.88
562,59.68,12.04
563,59.76,5.31
564,59.76,5.48
565,59.76,5.64
566,59.76,5.81
567,59.76,5.98
568,59.76,6.15
569,59.76,6.32
570,59.76,6.49
571,59.76,6.66
572,59.76,6.82
573,59.76,6.99
574,59.76,7.16
575,59.76,7.33
576,59.76,7.5
577,59.76,7.67
578,59.76,7.83
579,59.76,8.0
580,59.76,8.17
581,59.76,8.34
582,59.76,8.51
583,59.76,8.68
584,59.76,8.84
585,59.76,9.01
586,59.76,9.18
587,59.76,9.35
588,59.76,9.52
589,59.76,9.69
590,59.76,9.85
591,59.76,10.02
592,59.76,10.19
593,59.76,10.36
594,59.76,10.53
595,59.76,10.7
596,59.76,10.87
597,59.76,11.03
598,59.76,11.2
599,59.76,11.37
600,59.76,11.54
601,59.76,11.71
602,59.76,11.88
603,59.76,12.04
604,59.76,12.21
605,59.84,5.14
606,59.84,5.31
607,59.84,5.48
608,59.84,5.64
609,59.84,5.81
610,59.84,5.98
611,59.84,6.15
612,59.84,6.32
613,59.84,6.49
614,59.84,6.66
615,59.84,6.82
616,59.84,6.99
617,59.84,7.16
618,59.84,7.33
619,59.84,7.5
620,59.84,7.67
621,59.84,7.83
622,59.84,8.0
623,59.84,8.17
624,59.84,8.34
625,59.84,8.51
626,59.84,8.68
627,59.84,8.84
628,59.84,9.01
629,59.84,9.18
630,59.84,9.35
631,59.84,9.52
632,59.84,9.69
633,59.84,9.85
634,59.84,10.02
635,59.84,10.19
636,59.84,10.36
637,59.84,10.53
638,59.84,10.7
639,59.84,10.87
640,59.84,11.03
641,59.84,11.2
642,59.84,11.37
643,59.84,11.54
644,59.84,11.71
645,59.84,11.88
646,59.84,12.04
647,59.84,12.21
648,59.93,5.14
649,59.93,5.31
650,59.93,5.48
651,59.93,5.64
652,59.93,5.81
653,59.93,5.98
654,59.93,6.15
655,59.93,6.32
656,59.93,6.49
657,59.93,6.66
658,59.93,6.82
659,59.93,6.99
660,59.93,7.16
661,59.93,7.33
662,59.93,7.5
663,59.93,7.67
664,59.93,7.83
665,59.93,8.0
666,59.93,8.17
667,59.93,8.34
668,59.93,8.51
669,59.93,8.68
670,59.93,8.84
671,59.93,9.01
672,59.93,9.18
673,59.93,9.35
674,59.93,9.52
675,59.93,9.69
676,59.93,9.85
677,59.93,10.02
678,59.93,10.19
679,59.93,10.36
680,59.93,10.53
681,59.93,10.7
682,59.93,10.87
683,59.93,11.03
684,59.93,11.2
685,59.93,11.37
686,59.93,11.54
687,59.93,11.71
688,59.93,11.88
689,59.93,12.04
690,59.93,12.21
691,60.01,5.14
692,60.01,5.31
693,60.01,5.48
694,60.01,5.64
695,60.01,5.81
696,60.01,5.98
697,60.01,6.15
698,60.01,6.32
699,60.01,6.49
700,60.01,6.66
701,60.01,6.82
702,60.01,6.99
703,60.01,7.16
704,60.01,7.33
705,60.01,7.5
706,60.01,7.67
707,60.01,7.83
708,60.01,8.0
709,60.01,8.17
710,60.01,8.34
711,60.01,8.51
712,60.01,8.68
713,60.01,8.84
714,60.01,9.01
715,60.01,9.18
716,60.01,9.35
717,60.01,9.52
718,60.01,9.69
719,60.01,9.85
720,60.01,10.02
721,60.01,10.19
722,60.01,10.36
723,60.01,10.53
724,60.01,10.7
725,60.01,10.87
726,60.01,11.03
727,60.01,11.2
728,60.01,11.37
729,60.01,11.54
730,60.01,11.71
731,60.01,11.88
732,60.01,12.04
733,60.01,12.21
734,60.01,12.38
735,60.09,5.14
736,60.09,5.31
737,60.09,5.48
738,60.09,5.64
739,60.09,5.81
740,60.09,5.98
741,60.09,6.15
742,60.09,6.32
743,60.09,6.49
744,60.09,6.66
745,60.09,6.82
746,60.09,6.99
747,60.09,7.16
748,60.09,7.33
749,60.09,7.5
750,60.09,7.67
751,60.09,7.83
752,60.09,8.0
753,60.09,8.17
754,60.09,8.34
755,60.09,8.51
756,60.09,8.68
757,60.09,8.84
758,60.09,9.01
759,60.09,9.18
760,60.09,9.35
761,60.09,9.52
762,60.09,9.69
763,60.09,9.85
764,60.09,10.02
765,60.09,10.19
766,60.09,10.36
767,60.09,10.53
768,60.09,10.7
769,60.09,10.87
770,60.09,11.03
771,60.09,11.2
772,60.09,11.37
773,60.09,11.54
774,60.09,11.71
775,60.09,11.88
776,60.09,12.04
777,60.09,12.21
778,60.09,12.38
779,60.17,5.14
780,60.17,5.31
781,60.17,5.48
782,60.17,5.64
783,60.17,5.81
784,60.17,5.98
785,60.17,6.15
786,60.17,6.32
787,60.17,6.49
788,60.17,6.66
789,60.17,6.82
790,60.17,6.99
791,60.17,7.16
792,60.17,7.33
793,60.17,7.5
794,60.17,7.67
795,60.17,7.83
796,60.17,8.0
797,60.17,8.17
798,60.17,8.34
799,60.17,8.51
800,60.17,8.68
801,60.17,8.84
802,60.17,9.01
803,60.17,9.18
804,60.17,9.35
805,60.17,9.52
806,60.17,9.69
807,60.17,9.85
808,60.17,10.02
809,60.17,10.19
810,60.17,10.36
811,60.17,10.53
812,60.17,10.7
813,60.17,10.87
814,60.17,11.03
815,60.17,11.2
816,60.17,11.37
817,60.17,11.54
818,60.17,11.71
819,60.17,11.88
820,60.17,12.04
821,60.17,12.21
822,60.17,12.38
823,60.25,5.14
824,60.25,5.31
825,60.25,5.48
826,60.25,5.64
827,60.25,5.81
828,60.25,5.98
829,60.25,6.15
830,60.25,6.32
831,60.25,6.49
832,60.25,6.66
833,60.25,6.82
834,60.25,6.99
835,60.25,7.16
836,60.25,7.33
837,60.25,7.5
838,60.25,7.67
839,60.25,7.83
840,60.25,8.0
841,60.25,8.17
842,60.25,8.34
843,60.25,8.51
844,60.25,8.68
845,60.25,8.84
846,60.25,9.01
847,60.25,9.18
848,60.25,9.35
849,60.25,9.52
850,60.25,9.69
851,60.25,9.85
852,60.25,10.02
853,60.25,10.19
854,60.25,10.36
855,60.25,10.53
856,60.25,10.7
857,60.25,10.87
858,60.25,11.03
859,60.25,11.2
860,60.25,11.37
861,60.25,11.54
862,60.25,11.71
863,60.25,11.88
864,60.25,12.04
865,60.25,12.21
866,60.25,12.38
867,60.33,4.97
868,60.33,5.14
869,60.33,5.31
870,60.33,5.48
871,60.33,5.64
872,60.33,5.81
873,60.33,5.98
874,60.33,6.15
875,60.33,6.32
876,60.33,6.49
877,60.33,6.66
878,60.33,6.82
879,60.33,6.99
880,60.33,7.16
881,60.33,7.33
882,60.33,7.5
883,60.33,7.67
884,60.33,7.83
885,60.33,8.0
886,60.33,8.17
887,60.33,8.34
888,60.33,8.51
889,60.33,8.68
890,60.33,8.84
891,60.33,9.01
892,60.33,9.18
893,60.33,9.35
894,60.33,9.52
895,60.33,9.69
896,60.33,9.85
897,60.33,10.02
898,60.33,10.19
899,60.33,10.36
900,60.33,10.53
901,60.33,10.7
902,60.33,10.87
903,60.33,11.03
904,60.33,11.2
905,60.33,11.37
906,60.33,11.54
907,60.33,11.71
908,60.33,11.88
909,60.33,12.04
910,60.33,12.21
911,60.33,12.38
912,60.33,12.55
913,60.41,4.97
914,60.41,5.14
915,60.41,5.31
916,60.41,5.48
917,60.41,5.64
918,60.41,5.81
919,60.41,5.98
920,60.41,6.15
921,60.41,6.32
922,60.41,6.49
923,60.41,6.66
924,60.41,6.82
925,60.41,6.99
926,60.41,7.16
927,60.41,7.33
928,60.41,7.5
929,60.41,7.67
930,60.41,7.83
931,60.41,8.0
932,60.41,8.17
933,60.41,8.34
934,60.41,8.51
935,60.41,8.68
936,60.41,8.84
937,60.41,9.01
938,60.41,9.18
939,60.41,9.35
940,60.41,9.52
941,60.41,9.69
942,60.41,9.85
943,60.41,10.02
944,60.41,10.19
945,60.41,10.36
946,60.41,10.53
947,60.41,10.7
948,60.41,10.87
949,60.41,11.03
950,60.41,11.2
951,60.41,11.37
952,60.41,11.54
953,60.41,11.71
954,60.41,11.88
955,60.41,12.04
956,60.41,12.21
957,60.41,12.38
958,60.41,12.55
959,60.5,4.97
960,60.5,5.14
961,60.5,5.31
962,60.5,5.48
963,60.5,5.64
964,60.5,5.81
965,60.5,5.98
966,60.5,6.15
967,60.5,6.32
968,60.5,6.49
969,60.5,6.66
970,60.5,6.82
971,60.5,6.99
972,60.5,7.16
973,60.5,7.33
974,60.5,7.5
975,60.5,7.67
976,60.5,7.83
977,60.5,8.0
978,60.5,8.17
979,60.5,8.34
980,60.5,8.51
981,60.5,8.68
982,60.5,8.84
983,60.5,9.01
984,60.5,9.18
985,60.5,9.35
986,60.5,9.52
987,60.5,9.69
988,60.5,9.85
989,60.5,10.02
990,60.5,10.19
991,60.5,10.36
992,60.5,10.53
993,60.5,10.7
994,60.5,10.87
995,60.5,11.03
996,60.5,11.2
997,60.5,11.37
998,60.5,11.54
999,60.5,11.71
1000,60.5,11.88
1001,60.5,12.04
1002,60.5,12.21
1003,60.5,12.38
1004,60.58,4.97
1005,60.58,5.14
1006,60.58,5.31
1007,60.58,5.48
1008,60.58,5.64
1009,60.58,5.81
1010,60.58,5.98
1011,60.58,6.15
1012,60.58,6.32
1013,60.58,6.49
1014,60.58,6.66
1015,60.58,6.82
1016,60.58,6.99
1017,60.58,7.16
1018,60.58,7.33
1019,60.58,7.5
1020,60.58,7.67
1021,60.58,7.83
1022,60.58,8.0
1023,60.58,8.17
1024,60.58,8.34
1025,60.58,8.51
1026,60.58,8.68
1027,60.58,8.84
1028,60.58,9.01
1029,60.58,9.18
1030,60.58,9.35
1031,60.58,9.52
1032,60.58,9.69
1033,60.58,9.85
1034,60.58,10.02
1035,60.58,10.19
1036,60.58,10.36
1037,60.58,10.53
1038,60.58,10.7
1039,60.58,10.87
1040,60.58,11.03
1041,60.58,11.2
1042,60.58,11.37
1043,60.58,11.54
1044,60.58,11.71
1045,60.58,11.88
1046,60.58,12.04
1047,60.58,12.21
1048,60.58,12.38
1049,60.66,4.97
1050,60.66,5.14
1051,60.66,5.31
1052,60.66,5.48
1053,60.66,5.64
1054,60.66,5.81
1055,60.66,5.98
1056,60.66,6.15
1057,60.66,6.32
1058,60.66,6.49
1059,60.66,6.66
1060,60.66,6.82
1061,60.66,6.99
1062,60.66,7.16
1063,60.66,7.33
1064,60.66,7.5
1065,60.66,7.67
1066,60.66,7.83
1067,60.66,8.0
1068,60.66,8.17
1069,60.66,8.34
1070,60.66,8.51
1071,60.66,8.68
1072,60.66,8.84
1073,60.66,9.01
1074,60.66,9.18
1075,60.66,9.35
1076,60.66,9.52
1077,60.66,9.69
1078,60.66,9.85
1079,60.66,10.02
1080,60.66,10.19
1081,60.66,10.36
1082,60.66,10.53
1083,60.66,10.7
1084,60.66,10.87
1085,60.66,11.03
1086,60.66,11.2
1087,60.66,11.37
1088,60.66,11.54
1089,60.66,11.71
1090,60.66,11.88
1091,60.66,12.04
1092,60.66,12.21
1093,60.66,12.38
1094,60.74,4.97
1095,60.74,5.14
1096,60.74,5.31
1097,60.74,5.48
1098,60.74,5.64
1099,60.74,5.81
1100,60.74,5.98
1101,60.74,6.15
1102,60.74,6.32
1103,60.74,6.49
1104,60.74,6.66
1105,60.74,6.82
1106,60.74,6.99
1107,60.74,7.16
1108,60.74,7.33
1109,60.74,7.5
1110,60.74,7.67
1111,60.74,7.83
1112,60.74,8.0
1113,60.74,8.17
1114,60.74,8.34
1115,60.74,8.51
1116,60.74,8.68
1117,60.74,8.84
1118,60.74,9.01
1119,60.74,9.18
1120,60.74,9.35
1121,60.74,9.52
1122,60.74,9.69
1123,60.74,9.85
1124,60.74,10.02
1125,60.74,10.19
1126,60.74,10.36
1127,60.74,10.53
1128,60.74,10.7
1129,60.74,10.87
1130,60.74,11.03
1131,60.74,11.2
1132,60.74,11.37
1133,60.74,11.54
1134,60.74,11.71
1135,60.74,11.88
1136,60.74,12.04
1137,60.74,12.21
1138,60.74,12.38
1139,60.82,4.97
1140,60.82,5.14
1141,60.82,5.31
1142,60.82,5.48
1143,60.82,5.64
1144,60.82,5.81
1145,60.82,5.98
1146,60.82,6.15
1147,60.82,6.32
1148,60.82,6.49
1149,60.82,6.66
1150,60.82,6.82
1151,60.82,6.99
1152,60.82,7.16
1153,60.82,7.33
1154,60.82,7.5
1155,60.82,7.67
1156,60.82,7.83
1157,60.82,8.0
1158,60.82,8.17
1159,60.82,8.34
1160,60.82,8.51
1161,60.82,8.68
1162,60.82,8.84
1163,60.82,9.01
1164,60.82,9.18
1165,60.82,9.35
1166,60.82,9.52
1167,60.82,9.69
1168,60.82,9.85
1169,60.82,10.02
1170,60.82,10.19
1171,60.82,10.36
1172,60.82,10.53
1173,60.82,10.7
1174,60.82,10.87
1175,60.82,11.03
1176,60.82,11.2
1177,60.82,11.37
1178,60.82,11.54
1179,60.82,11.71
1180,60.82,11.88
1181,60.82,12.04
1182,60.82,12.21
1183,60.82,12.38
1184,60.9,4.8
1185,60.9,4.97
1186,60.9,5.14
1187,60.9,5.31
1188,60.9,5.48
1189,60.9,5.64
1190,60.9,5.81
1191,60.9,5.98
1192,60.9,6.15
1193,60.9,6.32
1194,60.9,6.49
1195,60.9,6.66
1196,60.9,6.82
1197,60.9,6.99
1198,60.9,7.16
1199,60.9,7.33
1200,60.9,7.5
1201,60.9,7.67
1202,60.9,7.83
1203,60.9,8.0
1204,60.9,8.17
1205,60.9,8.34
1206,60.9,8.51
1207,60.9,8.68
1208,60.9,8.84
1209,60.9,9.01
1210,60.9,9.18
1211,60.9,9.35
1212,60.9,9.52
1213,60.9,9.69
1214,60.9,9.85
1215,60.9,10.02
1216,60.9,10.19
1217,60.9,10.36
1218,60.9,10.53
1219,60.9,10.7
1220,60.9,10.87
1221,60.9,11.03
1222,60.9,11.2
1223,60.9,11.37
1224,60.9,11.54
1225,60.9,11.71
1226,60.9,11.88
1227,60.9,12.04
1228,60.9,12.21
1229,60.9,12.38
1230,60.99,4.8
1231,60.99,4.97
1232,60.99,5.14
1233,60.99,5.31
1234,60.99,5.48
1235,60.99,5.64
1236,60.99,5.81
1237,60.99,5.98
1238,60.99,6.15
1239,60.99,6.32
1240,60.99,6.49
1241,60.99,6.66
1242,60.99,6.82
1243,60.99,6.99
1244,60.99,7.16
1245,60.99,7.33
1246,60.99,7.5
1247,60.99,7.67
1248,60.99,7.83
1249,60.99,8.0
1250,60.99,8.17
1251,60.99,8.34
1252,60.99,8.51
1253,60.99,8.68
1254,60.99,8.84
1255,60.99,9.01
1256,60.99,9.18
1257,60.99,9.35
1258,60.99,9.52
1259,60.99,9.69
1260,60.99,9.85
1261,60.99,10.02
1262,60.99,10.19
1263,60.99,10.36
1264,60.99,10.53
1265,60.99,10.7
1266,60.99,10.87
1267,60.99,11.03
1268,60.99,11.2
1269,60.99,11.37
1270,60.99,11.54
1271,60.99,11.71
1272,60.99,11.88
1273,60.99,12.04
1274,60.99,12.21
1275,60.99,12.38
1276,61.07,4.8
1277,61.07,4.97
1278,61.07,5.14
1279,61.07,5.31
1280,61.07,5.48
1281,61.07,5.64
1282,61.07,5.81
1283,61.07,5.98
1284,61.07,6.15
1285,61.07,6.32
1286,61.07,6.49
1287,61.07,6.66
1288,61.07,6.82
1289,61.07,6.99
1290,61.07,7.16
1291,61.07,7.33
1292,61.07,7.5
1293,61.07,7.67
1294,61.07,7.83
1295,61.07,8.0
1296,61.07,8.17
1297,61.07,8.34
1298,61.07,8.51
1299,61.07,8.68
1300,61.07,8.84
1301,61.07,9.01
1302,61.07,9.18
1303,61.07,9.35
1304,61.07,9.52
1305,61.07,9.69
1306,61.07,9.85
1307,61.07,10.02
1308,61.07,10.19
1309,61.07,10.36
1310,61.07,10.53
1311,61.07,10.7
1312,61.07,10.87
1313,61.07,11.03
1314,61.07,11.2
1315,61.07,11.37
1316,61.07,11.54
1317,61.07,11.71
1318,61.07,11.88
1319,61.07,12.04
1320,61.07,12.21
1321,61.07,12.38
1322,61.15,4.8
1323,61.15,4.97
1324,61.15,5.14
1325,61.15,5.31
1326,61.15,5.48
1327,61.15,5.64
1328,61.15,5.81
1329,61.15,5.98
1330,61.15,6.15
1331,61.15,6.32
1332,61.15,6.49
1333,61.15,6.66
1334,61.15,6.82
1335,61.15,6.99
1336,61.15,7.16
1337,61.15,7.33
1338,61.15,7.5
1339,61.15,7.67
1340,61.15,7.83
1341,61.15,8.0
1342,61.15,8.17
1343,61.15,8.34
1344,61.15,8.51
1345,61.15,8.68
1346,61.15,8.84
1347,61.15,9.01
1348,61.15,9.18
1349,61.15,9.35
1350,61.15,9.52
1351,61.15,9.69
1352,61.15,9.85
1353,61.15,10.02
1354,61.15,10.19
1355,61.15,10.36
1356,61.15,10.53
1357,61.15,10.7
1358,61.15,10.87
1359,61.15,11.03
1360,61.15,11.2
1361,61.15,11.37
1362,61.15,11.54
1363,61.15,11.71
1364,61.15,11.88
1365,61.15,12.04
1366,61.15,12.21
1367,61.15,12.38
1368,61.23,4.8
1369,61.23,4.97
1370,61.23,5.14
1371,61.23,5.31
1372,61.23,5.48
1373,61.23,5.64
1374,61.23,5.81
1375,61.23,5.98
1376,61.23,6.15
1377,61.23,6.32
1378,61.23,6.49
1379,61.23,6.66
1380,61.23,6.82
1381,61.23,6.99
1382,61.23,7.16
1383,61.23,7.33
1384,61.23,7.5
1385,61.23,7.67
1386,61.23,7.83
1387,61.23,8.0
1388,61.23,8.17
1389,61.23,8.34
1390,61.23,8.51
1391,61.23,8.68
1392,61.23,8.84
1393,61.23,9.01
1394,61.23,9.18
1395,61.23,9.35
1396,61.23,9.52
1397,61.23,9.69
1398,61.23,9.85
1399,61.23,10.02
1400,61.23,10.19
1401,61.23,10.36
1402,61.23,10.53
1403,61.23,10.7
1404,61.23,10.87
1405,61.23,11.03
1406,61.23,11.2
1407,61.23,11.37
1408,61.23,11.54
1409,61.23,11.71
1410,61.23,11.88
1411,61.23,12.04
1412,61.23,12.21
1413,61.23,12.38
1414,61.31,4.8
1415,61.31,4.97
1416,61.31,5.14
1417,61.31,5.31
1418,61.31,5.48
1419,61.31,5.64
1420,61.31,5.81
1421,61.31,5.98
1422,61.31,6.15
1423,61.31,6.32
1424,61.31,6.49
1425,61.31,6.66
1426,61.31,6.82
1427,61.31,6.99
1428,61.31,7.16
1429,61.31,7.33
1430,61.31,7.5
1431,61.31,7.67
1432,61.31,7.83
1433,61.31,8.0
1434,61.31,8.17
1435,61.31,8.34
1436,61.31,8.51
1437,61.31,8.68
1438,61.31,8.84
1439,61.31,9.01
1440,61.31,9.18
1441,61.31,9.35
1442,61.31,9.52
1443,61.31,9.69
1444,61.31,9.85
1445,61.31,10.02
1446,61.31,10.19
1447,61.31,10.36
1448,61.31,10.53
1449,61.31,10.7
1450,61.31,10.87
1451,61.31,11.03
1452,61.31,11.2
1453,61.31,11.37
1454,61.31,11.54
1455,61.31,11.71
1456,61.31,11.88
1457,61.31,12.04
1458,61.31,12.21
1459,61.31,12.38
1460,61.39,4.8
1461,61.39,4.97
1462,61.39,5.14
1463,61.39,5.31
1464,61.39,5.48
1465,61.39,5.64
1466,61.39,5.81
1467,61.39,5.98
1468,61.39,6.15
1469,61.39,6.32
1470,61.39,6.49
1471,61.39,6.66
1472,61.39,6.82
1473,61.39,6.99
1474,61.39,7.16
1475,61.39,7.33
1476,61.39,7.5
1477,61.39,7.67
1478,61.39,7.83
1479,61.39,8.0
1480,61.39,8.17
1481,61.39,8.34
1482,61.39,8.51
1483,61.39,8.68
1484,61.39,8.84
1485,61.39,9.01
1486,61.39,9.18
1487,61.39,9.35
1488,61.39,9.52
1489,61.39,9.69
1490,61.39,9.85
1491,61.39,10.02
1492,61.39,10.19
1493,61.39,10.36
1494,61.39,10.53
1495,61.39,10.7
1496,61.39,10.87
1497,61.39,11.03
1498,61.39,11.2
1499,61.39,11.37
1500,61.39,11.54
1501,61.39,11.71
1502,61.39,11.88
1503,61.39,12.04
1504,61.39,12.21
1505,61.39,12.38
1506,61.47,4.97
1507,61.47,5.14
1508,61.47,5.31
1509,61.47,5.48
1510,61.47,5.64
1511,61.47,5.81
1512,61.47,5.98
1513,61.47,6.15
1514,61.47,6.32
1515,61.47,6.49
1516,61.47,6.66
1517,61.47,6.82
1518,61.47,6.99
1519,61.47,7.16
1520,61.47,7.33
1521,61.47,7.5
1522,61.47,7.67
1523,61.47,7.83
1524,61.47,8.0
1525,61.47,8.17
1526,61.47,8.34
1527,61.47,8.51
1528,61.47,8.68
1529,61.47,8.84
1530,61.47,9.01
1531,61.47,9.18
1532,61.47,9.35
1533,61.47,9.52
1534,61.47,9.69
1535,61.47,9.85
1536,61.47,10.02
1537,61.47,10.19
1538,61.47,10.36
1539,61.47,10.53
1540,61.47,10.7
1541,61.47,10.87
1542,61.47,11.03
1543,61.47,11.2
1544,61.47,11.37
1545,61.47,11.54
1546,61.47,11.71
1547,61.47,11.88
1548,61.47,12.04
1549,61.47,12.21
1550,61.47,12.38
1551,61.56,4.97
1552,61.56,5.14
1553,61.56,5.31
1554,61.56,5.48
1555,61.56,5.64
1556,61.56,5.81
1557,61.56,5.98
1558,61.56,6.15
1559,61.56,6.32
1560,61.56,6.49
1561,61.56,6.66
1562,61.56,6.82
1563,61.56,6.99
1564,61.56,7.16
1565,61.56,7.33
1566,61.56,7.5
1567,61.56,7.67
1568,61.56,7.83
1569,61.56,8.0
1570,61.56,8.17
1571,61.56,8.34
1572,61.56,8.51
1573,61.56,8.68
1574,61.56,8.84
1575,61.56,9.01
1576,61.56,9.18
1577,61.56,9.35
1578,61.56,9.52
1579,61.56,9.69
1580,61.56,9.85
1581,61.56,10.02
1582,61.56,10.19
1583,61.56,10.36
1584,61.56,10.53
1585,61.56,10.7
1586,61.56,10.87
1587,61.56,11.03
1588,61.56,11.2
1589,61.56,11.37
1590,61.56,11.54
1591,61.56,11.71
1592,61.56,11.88
1593,61.56,12.04
1594,61.56,12.21
1595,61.56,12.38
1596,61.64,4.97
1597,61.64,5.14
1598,61.64,5.31
1599,61.64,5.48
1600,61.64,5.64
1601,61.64,5.81
1602,61.64,5.98
1603,61.64,6.15
1604,61.64,6.32
1605,61.64,6.49
1606,61.64,6.66
1607,61.64,6.82
1608,61.64,6.99
1609,61.64,7.16
1610,61.64,7.33
1611,61.64,7.5
1612,61.64,7.67
1613,61.64,7.83
1614,61.64,8.0
1615,61.64,8.17
1616,61.64,8.34
1617,61.64,8.51
1618,61.64,8.68
1619,61.64,8.84
1620,61.64,9.01
1621,61.64,9.18
1622,61.64,9.35
1623,61.64,9.52
1624,61.64,9.69
1625,61.64,9.85
1626,61.64,10.02
1627,61.64,10.19
1628,61.64,10.36
1629,61.64,10.53
1630,61.64,10.7
1631,61.64,10.87
1632,61.64,11.03
1633,61.64,11.2
1634,61.64,11.37
1635,61.64,11.54
1636,61.64,11.71
1637,61.64,11.88
1638,61.64,12.04
1639,61.64,12.21
1640,61.64,12.38
1641,61.72,4.97
1642,61.72,5.14
1643,61.72,5.31
1644,61.72,5.48
1645,61.72,5.64
1646,61.72,5.81
1647,61.72,5.98
1648,61.72,6.15
1649,61.72,6.32
1650,61.72,6.49
1651,61.72,6.66
1652,61.72,6.82
1653,61.72,6.99
1654,61.72,7.16
1655,61.72,7.33
1656,61.72,7.5
1657,61.72,7.67
1658,61.72,7.83
1659,61.72,8.0
1660,61.72,8.17
1661,61.72,8.34
1662,61.72,8.51
1663,61.72,8.68
1664,61.72,8.84
1665,61.72,9.01
1666,61.72,9.18
1667,61.72,9.35
1668,61.72,9.52
1669,61.72,9.69
1670,61.72,9.85
1671,61.72,10.02
1672,61.72,10.19
1673,61.72,10.36
1674,61.72,10.53
1675,61.72,10.7
1676,61.72,10.87
1677,61.72,11.03
1678,61.72,11.2
1679,61.72,11.37
1680,61.72,11.54
1681,61.72,11.71
1682,61.72,11.88
1683,61.72,12.04
1684,61.72,12.21
1685,61.72,12.38
1686,61.8,4.97
1687,61.8,5.14
1688,61.8,5.31
1689,61.8,5.48
1690,61.8,5.64
1691,61.8,5.81
1692,61.8,5.98
1693,61.8,6.15
1694,61.8,6.32
1695,61.8,6.49
1696,61.8,6.66
1697,61.8,6.82
1698,61.8,6.99
1699,61.8,7.16
1700,61.8,7.33
1701,61.8,7.5
1702,61.8,7.67
1703,61.8,7.83
1704,61.8,8.0
1705,61.8,8.17
1706,61.8,8.34
1707,61.8,8.51
1708,61.8,8.68
1709,61.8,8.84
1710,61.8,9.01
1711,61.8,9.18
1712,61.8,9.35
1713,61.8,9.52
1714,61.8,9.69
1715,61.8,9.85
1716,61.8,10.02
1717,61.8,10.19
1718,61.8,10.36
1719,61.8,10.53
1720,61.8,10.7
1721,61.8,10.87
1722,61.8,11.03
1723,61.8,11.2
1724,61.8,11.37
1725,61.8,11.54
1726,61.8,11.71
1727,61.8,11.88
1728,61.8,12.04
1729,61.8,12.21
1730,61.8,12.38
1731,61.88,4.97
1732,61.88,5.14
1733,61.88,5.31
1734,61.88,5.48
1735,61.88,5.64
1736,61.88,5.81
1737,61.88,5.98
1738,61.88,6.15
1739,61.88,6.32
1740,61.88,6.49
1741,61.88,6.66
1742,61.88,6.82
1743,61.88,6.99
1744,61.88,7.16
1745,61.88,7.33
1746,61.88,7.5
1747,61.88,7.67
1748,61.88,7.83
1749,61.88,8.0
1750,61.88,8.17
1751,61.88,8.34
1752,61.88,8.51
1753,61.88,8.68
1754,61.88,8.84
1755,61.88,9.01
1756,61.88,9.18
1757,61.88,9.35
1758,61.88,9.52
1759,61.88,9.69
1760,61.88,9.85
1761,61.88,10.02
1762,61.88,10.19
1763,61.88,10.36
1764,61.88,10.53
1765,61.88,10.7
1766,61.88,10.87
1767,61.88,11.03
1768,61.88,11.2
1769,61.88,11.37
1770,61.88,11.54
1771,61.88,11.71
1772,61.88,11.88
1773,61.88,12.04
1774,61.88,12.21
1775,61.88,12.38
1776,61.96,4.97
1777,61.96,5.14
1778,61.96,5.31
1779,61.96,5.48
1780,61.96,5.64
1781,61.96,5.81
1782,61.96,5.98
1783,61.96,6.15
1784,61.96,6.32
1785,61.96,6.49
1786,61.96,6.66
1787,61.96,6.82
1788,61.96,6.99
1789,61.96,7.16
1790,61.96,7.33
1791,61.96,7.5
1792,61.96,7.67
1793,61.96,7.83
1794,61.96,8.0
1795,61.96,8.17
1796,61.96,8.34
1797,61.96,8.51
1798,61.96,8.68
1799,61.96,8.84
1800,61.96,9.01
1801,61.96,9.18
1802,61.96,9.35
1803,61.96,9.52
1804,61.96,9.69
1805,61.96,9.85
1806,61.96,10.02
1807,61.96,10.19
1808,61.96,10.36
1809,61.96,10.53
1810,61.96,10.7
1811,61.96,10.87
1812,61.96,11.03
1813,61.96,11.2
1814,61.96,11.37
1815,61.96,11.54
1816,61.96,11.71
1817,61.96,11.88
1818,61.96,12.04
1819,61.96,12.21
1820,61.96,12.38
1821,62.04,5.31
1822,62.04,5.48
1823,62.04,5.64
1824,62.04,5.81
1825,62.04,5.98
1826,62.04,6.15
1827,62.04,6.32
1828,62.04,6.49
1829,62.04,6.66
1830,62.04,6.82
1831,62.04,6.99
1832,62.04,7.16
1833,62.04,7.33
1834,62.04,7.5
1835,62.04,7.67
1836,62.04,7.83
1837,62.04,8.0
1838,62.04,8.17
1839,62.04,8.34
1840,62.04,8.51
1841,62.04,8.68
1842,62.04,8.84
1843,62.04,9.01
1844,62.04,9.18
1845,62.04,9.35
1846,62.04,9.52
1847,62.04,9.69
1848,62.04,9.85
1849,62.04,10.02
1850,62.04,10.19
1851,62.04,10.36
1852,62.04,10.53
1853,62.04,10.7
1854,62.04,10.87
1855,62.04,11.03
1856,62.04,11.2
1857,62.04,11.37
1858,62.04,11.54
1859,62.04,11.71
1860,62.04,11.88
1861,62.04,12.04
1862,62.04,12.21
1863,62.04,12.38
1864,62.13,5.48
1865,62.13,5.64
1866,62.13,5.81
1867,62.13,5.98
1868,62.13,6.15
1869,62.13,6.32
1870,62.13,6.49
1871,62.13,6.66
1872,62.13,6.82
1873,62.13,6.99
1874,62.13,7.16
1875,62.13,7.33
1876,62.13,7.5
1877,62.13,7.67
1878,62.13,7.83
1879,62.13,8.0
1880,62.13,8.17
1881,62.13,8.34
1882,62.13,8.51
1883,62.13,8.68
1884,62.13,8.84
1885,62.13,9.01
1886,62.13,9.18
1887,62.13,9.35
1888,62.13,9.52
1889,62.13,9.69
1890,62.13,9.85
1891,62.13,10.02
1892,62.13,10.19
1893,62.13,10.36
1894,62.13,10.53
1895,62.13,10.7
1896,62.13,10.87
1897,62.13,11.03
1898,62.13,11.2
1899,62.13,11.37
1900,62.13,11.54
1901,62.13,11.71
1902,62.13,11.88
1903,62.13,12.04
1904,62.13,12.21
1905,62.13,12.38
1906,62.21,5.64
1907,62.21,5.81
1908,62.21,5.98
1909,62.21,6.15
1910,62.21,6.32
1911,62.21,6.49
1912,62.21,6.66
1913,62.21,6.82
1914,62.21,6.99
1915,62.21,7.16
1916,62.21,7.33
1917,62.21,7.5
1918,62.21,7.67
1919,62.21,7.83
1920,62.21,8.0
1921,62.21,8.17
1922,62.21,8.34
1923,62.21,8.51
1924,62.21,8.68
1925,62.21,8.84
1926,62.21,9.01
1927,62.21,9.18
1928,62.21,9.35
1929,62.21,9.52
1930,62.21,9.69
1931,62.21,9.85
1932,62.21,10.02
1933,62.21,10.19
1934,62.21,10.36
1935,62.21,10.53
1936,62.21,10.7
1937,62.21,10.87
1938,62.21,11.03
1939,62.21,11.2
1940,62.21,11.37
1941,62.21,11.54
1942,62.21,11.71
1943,62.21,11.88
1944,62.21,12.04
1945,62.21,12.21
1946,62.21,12.38
1947,62.29,5.81
1948,62.29,5.98
1949,62.29,6.15
1950,62.29,6.32
1951,62.29,6.49
1952,62.29,6.66
1953,62.29,6.82
1954,62.29,6.99
1955,62.29,7.16
1956,62.29,7.33
1957,62.29,7.5
1958,62.29,7.67
1959,62.29,7.83
1960,62.29,8.0
1961,62.29,8.17
1962,62.29,8.34
1963,62.29,8.51
1964,62.29,8.68
1965,62.29,8.84
1966,62.29,9.01
1967,62.29,9.18
1968,62.29,9.35
1969,62.29,9.52
1970,62.29,9.69
1971,62.29,9.85
1972,62.29,10.02
1973,62.29,10.19
1974,62.29,10.36
1975,62.29,10.53
1976,62.29,10.7
1977,62.29,10.87
1978,62.29,11.03
1979,62.29,11.2
1980,62.29,11.37
1981,62.29,11.54
1982,62.29,11.71
1983,62.29,11.88
1984,62.29,12.04
1985,62.29,12.21
1986,62.29,12.38
1987,62.37,6.15
1988,62.37,6.32
1989,62.37,6.49
1990,62.37,6.66
1991,62.37,6.82
1992,62.37,6.99
1993,62.37,7.16
1994,62.37,7.33
1995,62.37,7.5
1996,62.37,7.67
1997,62.37,7.83
1998,62.37,8.0
1999,62.37,8.17
2000,62.37,8.34
2001,62.37,8.51
2002,62.37,8.68
2003,62.37,8.84
2004,62.37,9.01
2005,62.37,9.18
2006,62.37,9.35
2007,62.37,9.52
2008,62.37,9.69
2009,62.37,9.85
2010,62.37,10.02
2011,62.37,10.19
2012,62.37,10.36
2013,62.37,10.53
2014,62.37,10.7
2015,62.37,10.87
2016,62.37,11.03
2017,62.37,11.2
2018,62.37,11.37
2019,62.37,11.54
2020,62.37,11.71
2021,62.37,11.88
2022,62.37,12.04
2023,62.37,12.21
2024,62.37,12.38
2025,62.45,6.32
2026,62.45,6.49
2027,62.45,6.66
2028,62.45,6.82
2029,62.45,6.99
2030,62.45,7.16
2031,62.45,7.33
2032,62.45,7.5
2033,62.45,7.67
2034,62.45,7.83
2035,62.45,8.0
2036,62.45,8.17
2037,62.45,8.34
2038,62.45,8.51
2039,62.45,8.68
2040,62.45,8.84
2041,62.45,9.01
2042,62.45,9.18
2043,62.45,9.35
2044,62.45,9.52
2045,62.45,9.69
2046,62.45,9.85
2047,62.45,10.02
2048,62.45,10.19
2049,62.45,10.36
2050,62.45,10.53
2051,62.45,10.7
2052,62.45,10.87
2053,62.45,11.03
2054,62.45,11.2
2055,62.45,11.37
2056,62.45,11.54
2057,62.45,11.71
2058,62.45,11.88
2059,62.45,12.04
2060,62.45,12.21
2061,62.45,12.38
2062,62.53,6.49
2063,62.53,6.66
2064,62.53,6.82
2065,62.53,6.99
2066,62.53,7.16
2067,62.53,7.33
2068,62.53,7.5
2069,62.53,7.67
2070,62.53,7.83
2071,62.53,8.0
2072,62.53,8.17
2073,62.53,8.34
2074,62.53,8.51
2075,62.53,8.68
2076,62.53,8.84
2077,62.53,9.01
2078,62.53,9.18
2079,62.53,9.35
2080,62.53,9.52
2081,62.53,9.69
2082,62.53,9.85
2083,62.53,10.02
2084,62.53,10.19
2085,62.53,10.36
2086,62.53,10.53
2087,62.53,10.7
2088,62.53,10.87
2089,62.53,11.03
2090,62.53,11.2
2091,62.53,11.37
2092,62.53,11.54
2093,62.53,11.71
2094,62.53,11.88
2095,62.53,12.04
2096,62.53,12.21
2097,62.53,12.38
2098,62.61,6.66
2099,62.61,6.82
2100,62.61,6.99
2101,62.61,7.16
2102,62.61,7.33
2103,62.61,7.5
2104,62.61,7.67
2105,62.61,7.83
2106,62.61,8.0
2107,62.61,8.17
2108,62.61,8.34
2109,62.61,8.51
2110,62.61,8.68
2111,62.61,8.84
2112,62.61,9.01
2113,62.61,9.18
2114,62.61,9.35
2115,62.61,9.52
2116,62.61,9.69
2117,62.61,9.85
2118,62.61,10.02
2119,62.61,10.19
2120,62.61,10.36
2121,62.61,10.53
2122,62.61,10.7
2123,62.61,10.87
2124,62.61,11.03
2125,62.61,11.2
2126,62.61,11.37
2127,62.61,11.54
2128,62.61,11.71
2129,62.61,11.88
2130,62.61,12.04
2131,62.61,12.21
2132,62.61,12.38
2133,62.7,6.99
2134,62.7,7.16
2135,62.7,7.33
2136,62.7,7.5
2137,62.7,7.67
2138,62.7,7.83
2139,62.7,8.0
2140,62.7,8.17
2141,62.7,8.34
2142,62.7,8.51
2143,62.7,8.68
2144,62.7,8.84
2145,62.7,9.01
2146,62.7,9.18
2147,62.7,9.35
2148,62.7,9.52
2149,62.7,9.69
2150,62.7,9.85
2151,62.7,10.02
2152,62.7,10.19
2153,62.7,10.36
2154,62.7,10.53
2155,62.7,10.7
2156,62.7,10.87
2157,62.7,11.03
2158,62.7,11.2
2159,62.7,11.37
2160,62.7,11.54
2161,62.7,11.71
2162,62.7,11.88
2163,62.7,12.04
2164,62.7,12.21
2165,62.78,7.16
2166,62.78,7.33
2167,62.78,7.5
2168,62.78,7.67
2169,62.78,7.83
2170,62.78,8.0
2171,62.78,8.17
2172,62.78,8.34
2173,62.78,8.51
2174,62.78,8.68
2175,62.78,8.84
2176,62.78,9.01
2177,62.78,9.18
2178,62.78,9.35
2179,62.78,9.52
2180,62.78,9.69
2181,62.78,9.85
2182,62.78,10.02
2183,62.78,10.19
2184,62.78,10.36
2185,62.78,10.53
2186,62.78,10.7
2187,62.78,10.87
2188,62.78,11.03
2189,62.78,11.2
2190,62.78,11.37
2191,62.78,11.54
2192,62.78,11.71
2193,62.78,11.88
2194,62.78,12.04
2195,62.78,12.21
2196,62.86,7.33
2197,62.86,7.5
2198,62.86,7.67
2199,62.86,7.83
2200,62.86,8.0
2201,62.86,8.17
2202,62.86,8.34
2203,62.86,8.51
2204,62.86,8.68
2205,62.86,8.84
2206,62.86,9.01
2207,62.86,9.18
2208,62.86,9.35
2209,62.86,9.52
2210,62.86,9.69
2211,62.86,9.85
2212,62.86,10.02
2213,62.86,10.19
2214,62.86,10.36
2215,62.86,10.53
2216,62.86,10.7
2217,62.86,10.87
2218,62.86,11.03
2219,62.86,11.2
2220,62.86,11.37
2221,62.86,11.54
2222,62.86,11.71
2223,62.86,11.88
2224,62.86,12.04
2225,62.86,12.21
2226,62.94,7.5
2227,62.94,7.67
2228,62.94,7.83
2229,62.94,8.0
2230,62.94,8.17
2231,62.94,8.34
2232,62.94,8.51
2233,62.94,8.68
2234,62.94,8.84
2235,62.94,9.01
2236,62.94,9.18
2237,62.94,9.35
2238,62.94,9.52
2239,62.94,9.69
2240,62.94,9.85
2241,62.94,10.02
2242,62.94,10.19
2243,62.94,10.36
2244,62.94,10.53
2245,62.94,10.7
2246,62.94,10.87
2247,62.94,11.03
2248,62.94,11.2
2249,62.94,11.37
2250,62.94,11.54
2251,62.94,11.71
2252,62.94,11.88
2253,62.94,12.04
2254,62.94,12.21
2255,63.02,7.67
2256,63.02,7.83
2257,63.02,8.0
2258,63.02,8.17
2259,63.02,8.34
2260,63.02,8.51
2261,63.02,8.68
2262,63.02,8.84
2263,63.02,9.01
2264,63.02,9.18
2265,63.02,9.35
2266,63.02,9.52
2267,63.02,9.69
2268,63.02,9.85
2269,63.02,10.02
2270,63.02,10.19
2271,63.02,10.36
2272,63.02,10.53
2273,63.02,10.7
2274,63.02,10.87
2275,63.02,11.03
2276,63.02,11.2
2277,63.02,11.37
2278,63.02,11.54
2279,63.02,11.71
2280,63.02,11.88
2281,63.02,12.04
2282,63.02,12.21
2283,63.1,8.0
2284,63.1,8.17
2285,63.1,8.34
2286,63.1,8.51
2287,63.1,8.68
2288,63.1,8.84
2289,63.1,9.01
2290,63.1,9.18
2291,63.1,9.35
2292,63.1,9.52
2293,63.1,9.69
2294,63.1,9.85
2295,63.1,10.02
2296,63.1,10.19
2297,63.1,10.36
2298,63.1,10.53
2299,63.1,10.7
2300,63.1,10.87
2301,63.1,11.03
2302,63.1,11.2
2303,63.1,11.37
2304,63.1,11.54
2305,63.1,11.71
2306,63.1,11.88
2307,63.1,12.04
2308,63.1,12.21
2309,63.18,8.17
2310,63.18,8.34
2311,63.18,8.51
2312,63.18,8.68
2313,63.18,8.84
2314,63.18,9.01
2315,63.18,9.18
2316,63.18,9.35
2317,63.18,9.52
2318,63.18,9.69
2319,63.18,9.85
2320,63.18,10.02
2321,63.18,10.19
2322,63.18,10.36
2323,63.18,10.53
2324,63.18,10.7
2325,63.18,10.87
2326,63.18,11.03
2327,63.18,11.2
2328,63.18,11.37
2329,63.18,11.54
2330,63.18,11.71
2331,63.18,11.88
2332,63.18,12.04
2333,63.18,12.21
2334,63.27,8.34
2335,63.27,8.51
2336,63.27,8.68
2337,63.27,8.84
2338,63.27,9.01
2339,63.27,9.18
2340,63.27,9.35
2341,63.27,9.52
2342,63.27,9.69
2343,63.27,9.85
2344,63.27,10.02
2345,63.27,10.19
2346,63.27,10.36
2347,63.27,10.53
2348,63.27,10.7
2349,63.27,10.87
2350,63.27,11.03
2351,63.27,11.2
2352,63.27,11.37
2353,63.27,11.54
2354,63.27,11.71
2355,63.27,11.88
2356,63.27,12.04
2357,63.27,12.21
2358,63.35,8.51
2359,63.35,8.68
2360,63.35,8.84
2361,63.35,9.01
2362,63.35,9.18
2363,63.35,9.35
2364,63.35,9.52
2365,63.35,9.69
2366,63.35,9.85
2367,63.35,10.02
2368,63.35,10.19
2369,63.35,10.36
2370,63.35,10.53
2371,63.35,10.7
2372,63.35,10.87
2373,63.35,11.03
2374,63.35,11.2
2375,63.35,11.37
2376,63.35,11.54
2377,63.35,11.71
2378,63.35,11.88
2379,63.35,12.04
2380,63.35,12.21
2381,63.35,12.38
2382,63.43,8.68
2383,63.43,8.84
2384,63.43,9.01
2385,63.43,9.18
2386,63.43,9.35
2387,63.43,9.52
2388,63.43,9.69
2389,63.43,9.85
2390,63.43,10.02
2391,63.43,10.19
2392,63.43,10.36
2393,63.43,10.53
2394,63.43,10.7
2395,63.43,10.87
2396,63.43,11.03
2397,63.43,11.2
2398,63.43,11.37
2399,63.43,11.54
2400,63.43,11.71
2401,63.43,11.88
2402,63.43,12.04
2403,63.43,12.21
2404,63.43,12.38
2405,63.43,12.55
2406,63.51,8.84
2407,63.51,9.01
2408,63.51,9.18
2409,63.51,9.35
2410,63.51,9.52
2411,63.51,9.69
2412,63.51,9.85
2413,63.51,10.02
2414,63.51,10.19
2415,63.51,10.36
2416,63.51,10.53
2417,63.51,10.7
2418,63.51,10.87
2419,63.51,11.03
2420,63.51,11.2
2421,63.51,11.37
2422,63.51,11.54
2423,63.51,11.71
2424,63.51,11.88
2425,63.51,12.04
2426,63.51,12.21
2427,63.51,12.38
2428,63.51,12.55
2429,63.51,12.72
2430,63.59,9.01
2431,63.59,9.18
2432,63.59,9.35
2433,63.59,9.52
2434,63.59,9.69
2435,63.59,9.85
2436,63.59,10.02
2437,63.59,10.19
2438,63.59,10.36
2439,63.59,10.53
2440,63.59,10.7
2441,63.59,10.87
2442,63.59,11.03
2443,63.59,11.2
2444,63.59,11.37
2445,63.59,11.54
2446,63.59,11.71
2447,63.59,11.88
2448,63.59,12.04
2449,63.59,12.21
2450,63.59,12.38
2451,63.59,12.55
2452,63.59,12.72
2453,63.59,12.89
2454,63.67,9.18
2455,63.67,9.35
2456,63.67,9.52
2457,63.67,9.69
2458,63.67,9.85
2459,63.67,10.02
2460,63.67,10.19
2461,63.67,10.36
2462,63.67,10.53
2463,63.67,10.7
2464,63.67,10.87
2465,63.67,11.03
2466,63.67,11.2
2467,63.67,11.37
2468,63.67,11.54
2469,63.67,11.71
2470,63.67,11.88
2471,63.67,12.04
2472,63.67,12.21
2473,63.67,12.38
2474,63.67,12.55
2475,63.67,12.72
2476,63.67,12.89
2477,63.67,13.05
2478,63.76,9.35
2479,63.76,9.52
2480,63.76,9.69
2481,63.76,9.85
2482,63.76,10.02
2483,63.76,10.19
2484,63.76,10.36
2485,63.76,10.53
2486,63.76,10.7
2487,63.76,10.87
2488,63.76,11.03
2489,63.76,11.2
2490,63.76,11.37
2491,63.76,11.54
2492,63.76,11.71
2493,63.76,11.88
2494,63.76,12.04
2495,63.76,12.21
2496,63.76,12.38
2497,63.76,12.55
2498,63.76,12.72
2499,63.76,12.89
2500,63.76,13.05
2501,63.76,13.22
2502,63.84,9.52
2503,63.84,9.69
2504,63.84,9.85
2505,63.84,10.02
2506,63.84,10.19
2507,63.84,10.36
2508,63.84,10.53
2509,63.84,10.7
2510,63.84,10.87
2511,63.84,11.03
2512,63.84,11.2
2513,63.84,11.37
2514,63.84,11.54
2515,63.84,11.71
2516,63.84,11.88
2517,63.84,12.04
2518,63.84,12.21
2519,63.84,12.38
2520,63.84,12.55
2521,63.84,12.72
2522,63.84,12.89
2523,63.84,13.05
2524,63.84,13.22
2525,63.84,13.39
2526,63.92,9.69
2527,63.92,9.85
2528,63.92,10.02
2529,63.92,10.19
2530,63.92,10.36
2531,63.92,10.53
2532,63.92,10.7
2533,63.92,10.87
2534,63.92,11.03
2535,63.92,11.2
2536,63.92,11.37
2537,63.92,11.54
2538,63.92,11.71
2539,63.92,11.88
2540,63.92,12.04
2541,63.92,12.21
2542,63.92,12.38
2543,63.92,12.55
2544,63.92,12.72
2545,63.92,12.89
2546,63.92,13.05
2547,63.92,13.22
2548,63.92,13.39
2549,63.92,13.56
2550,64.0,9.85
2551,64.0,10.02
2552,64.0,10.19
2553,64.0,10.36
2554,64.0,10.53
2555,64.0,10.7
2556,64.0,10.87
2557,64.0,11.03
2558,64.0,11.2
2559,64.0,11.37
2560,64.0,11.54
2561,64.0,11.71
2562,64.0,11.88
2563,64.0,12.04
2564,64.0,12.21
2565,64.0,12.38
2566,64.0,12.55
2567,64.0,12.72
2568,64.0,12.89
2569,64.0,13.05
2570,64.0,13.22
2571,64.0,13.39
2572,64.0,13.56
2573,64.0,13.73
2574,64.08,10.02
2575,64.08,10.19
2576,64.08,10.36
2577,64.08,10.53
2578,64.08,10.7
2579,64.08,10.87
2580,64.08,11.03
2581,64.08,11.2
2582,64.08,11.37
2583,64.08,11.54
2584,64.08,11.71
2585,64.08,11.88
2586,64.08,12.04
2587,64.08,12.21
2588,64.08,12.38
2589,64.08,12.55
2590,64.08,12.72
2591,64.08,12.89
2592,64.08,13.05
2593,64.08,13.22
2594,64.08,13.39
2595,64.08,13.56
2596,64.08,13.73
2597,64.16,10.19
2598,64.16,10.36
2599,64.16,10.53
2600,64.16,10.7
2601,64.16,10.87
2602,64.16,11.03
2603,64.16,11.2
2604,64.16,11.37
2605,64.16,11.54
2606,64.16,11.71
2607,64.16,11.88
2608,64.16,12.04
2609,64.16,12.21
2610,64.16,12.38
2611,64.16,12.55
2612,64.16,12.72
2613,64.16,12.89
2614,64.16,13.05
2615,64.16,13.22
2616,64.16,13.39
2617,64.16,13.56
2618,64.16,13.73
2619,64.24,10.36
2620,64.24,10.53
2621,64.24,10.7
2622,64.24,10.87
2623,64.24,11.03
2624,64.24,11.2
2625,64.24,11.37
2626,64.24,11.54
2627,64.24,11.71
2628,64.24,11.88
2629,64.24,12.04
2630,64.24,12.21
2631,64.24,12.38
2632,64.24,12.55
2633,64.24,12.72
2634,64.24,12.89
2635,64.24,13.05
2636,64.24,13.22
2637,64.24,13.39
2638,64.24,13.56
2639,64.24,13.73
2640,64.24,13.9
2641,64.33,10.7
2642,64.33,10.87
2643,64.33,11.03
2644,64.33,11.2
2645,64.33,11.37
2646,64.33,11.54
2647,64.33,11.71
2648,64.33,11.88
2649,64.33,12.04
2650,64.33,12.21
2651,64.33,12.38
2652,64.33,12.55
2653,64.33,12.72
2654,64.33,12.89
2655,64.33,13.05
2656,64.33,13.22
2657,64.33,13.39
2658,64.33,13.56
2659,64.33,13.73
2660,64.33,13.9
2661,64.41,10.87
2662,64.41,11.03
2663,64.41,11.2
2664,64.41,11.37
2665,64.41,11.54
2666,64.41,11.71
2667,64.41,11.88
2668,64.41,12.04
2669,64.41,12.21
2670,64.41,12.38
2671,64.41,12.55
2672,64.41,12.72
2673,64.41,12.89
2674,64.41,13.05
2675,64.41,13.22
2676,64.41,13.39
2677,64.41,13.56
2678,64.41,13.73
2679,64.41,13.9
2680,64.49,11.03
2681,64.49,11.2
2682,64.49,11.37
2683,64.49,11.54
2684,64.49,11.71
2685,64.49,11.88
2686,64.49,12.04
2687,64.49,12.21
2688,64.49,12.38
2689,64.49,12.55
2690,64.49,12.72
2691,64.49,12.89
2692,64.49,13.05
2693,64.49,13.22
2694,64.49,13.39
2695,64.49,13.56
2696,64.49,13.73
2697,64.49,13.9
2698,64.49,14.06
2699,64.57,11.2
2700,64.57,11.37
2701,64.57,11.54
2702,64.57,11.71
2703,64.57,11.88
2704,64.57,12.04
2705,64.57,12.21
2706,64.57,12.38
2707,64.57,12.55
2708,64.57,12.72
2709,64.57,12.89
2710,64.57,13.05
2711,64.57,13.22
2712,64.57,13.39
2713,64.57,13.56
2714,64.57,13.73
2715,64.57,13.9
2716,64.57,14.06
2717,64.65,11.37
2718,64.65,11.54
2719,64.65,11.71
2720,64.65,11.88
2721,64.65,12.04
2722,64.65,12.21
2723,64.65,12.38
2724,64.65,12.55
2725,64.65,12.72
2726,64.65,12.89
2727,64.65,13.05
2728,64.65,13.22
2729,64.65,13.39
2730,64.65,13.56
2731,64.65,13.73
2732,64.65,13.9
2733,64.65,14.06
2734,64.73,11.54
2735,64.73,11.71
2736,64.73,11.88
2737,64.73,12.04
2738,64.73,12.21
2739,64.73,12.38
2740,64.73,12.55
2741,64.73,12.72
2742,64.73,12.89
2743,64.73,13.05
2744,64.73,13.22
2745,64.73,13.39
2746,64.73,13.56
2747,64.73,13.73
2748,64.73,13.9
2749,64.73,14.06
2750,64.81,11.54
2751,64.81,11.71
2752,64.81,11.88
2753,64.81,12.04
2754,64.81,12.21
2755,64.81,12.38
2756,64.81,12.55
2757,64.81,12.72
2758,64.81,12.89
2759,64.81,13.05
2760,64.81,13.22
2761,64.81,13.39
2762,64.81,13.56
2763,64.81,13.73
2764,64.81,13.9
2765,64.81,14.06
2766,64.81,14.23
2767,64.9,11.71
2768,64.9,11.88
2769,64.9,12.04
2770,64.9,12.21
2771,64.9,12.38
2772,64.9,12.55
2773,64.9,12.72
2774,64.9,12.89
2775,64.9,13.05
2776,64.9,13.22
2777,64.9,13.39
2778,64.9,13.56
2779,64.9,13.73
2780,64.9,13.9
2781,64.9,14.06
2782,64.9,14.23
2783,64.98,11.71
2784,64.98,11.88
2785,64.98,12.04
2786,64.98,12.21
2787,64.98,12.38
2788,64.98,12.55
2789,64.98,12.72
2790,64.98,12.89
2791,64.98,13.05
2792,64.98,13.22
2793,64.98,13.39
2794,64.98,13.56
2795,64.98,13.73
2796,64.98,13.9
2797,64.98,14.06
2798,64.98,14.23
2799,65.06,11.88
2800,65.06,12.04
2801,65.06,12.21
2802,65.06,12.38
2803,65.06,12.55
2804,65.06,12.72
2805,65.06,12.89
2806,65.06,13.05
2807,65.06,13.22
2808,65.06,13.39
2809,65.06,13.56
2810,65.06,13.73
2811,65.06,13.9
2812,65.06,14.06
2813,65.06,14.23
2814,65.06,14.4
2815,65.14,11.88
2816,65.14,12.04
2817,65.14,12.21
2818,65.14,12.38
2819,65.14,12.55
2820,65.14,12.72
2821,65.14,12.89
2822,65.14,13.05
2823,65.14,13.22
2824,65.14,13.39
2825,65.14,13.56
2826,65.14,13.73
2827,65.14,13.9
2828,65.14,14.06
2829,65.14,14.23
2830,65.14,14.4
2831,65.22,11.88
2832,65.22,12.04
2833,65.22,12.21
2834,65.22,12.38
2835,65.22,12.55
2836,65.22,12.72
2837,65.22,12.89
2838,65.22,13.05
2839,65.22,13.22
2840,65.22,13.39
2841,65.22,13.56
2842,65.22,13.73
2843,65.22,13.9
2844,65.22,14.06
2845,65.22,14.23
2846,65.22,14.4
2847,65.3,12.04
2848,65.3,12.21
2849,65.3,12.38
2850,65.3,12.55
2851,65.3,12.72
2852,65.3,12.89
2853,65.3,13.05
2854,65.3,13.22
2855,65.3,13.39
2856,65.3,13.56
2857,65.3,13.73
2858,65.3,13.9
2859,65.3,14.06
2860,65.3,14.23
2861,65.3,14.4
2862,65.38,12.04
2863,65.38,12.21
2864,65.38,12.38
2865,65.38,12.55
2866,65.38,12.72
2867,65.38,12.89
2868,65.38,13.05
2869,65.38,13.22
2870,65.38,13.39
2871,65.38,13.56
2872,65.38,13.73
2873,65.38,13.9
2874,65.38,14.06
2875,65.38,14.23
2876,65.38,14.4
2877,65.38,14.57
2878,65.47,12.21
2879,65.47,12.38
2880,65.47,12.55
2881,65.47,12.72
2882,65.47,12.89
2883,65.47,13.05
2884,65.47,13.22
2885,65.47,13.39
2886,65.47,13.56
2887,65.47,13.73
2888,65.47,13.9
2889,65.47,14.06
2890,65.47,14.23
2891,65.47,14.4
2892,65.47,14.57
2893,65.55,12.21
2894,65.55,12.38
2895,65.55,12.55
2896,65.55,12.72
2897,65.55,12.89
2898,65.55,13.05
2899,65.55,13.22
2900,65.55,13.39
2901,65.55,13.56
2902,65.55,13.73
2903,65.55,13.9
2904,65.55,14.06
2905,65.55,14.23
2906,65.55,14.4
2907,65.55,14.57
2908,65.63,12.21
2909,65.63,12.38
2910,65.63,12.55
2911,65.63,12.72
2912,65.63,12.89
2913,65.63,13.05
2914,65.63,13.22
2915,65.63,13.39
2916,65.63,13.56
2917,65.63,13.73
2918,65.63,13.9
2919,65.63,14.06
2920,65.63,14.23
2921,65.63,14.4
2922,65.63,14.57
2923,65.63,14.74
2924,65.71,12.38
2925,65.71,12.55
2926,65.71,12.72
2927,65.71,12.89
2928,65.71,13.05
2929,65.71,13.22
2930,65.71,13.39
2931,65.71,13.56
2932,65.71,13.73
2933,65.71,13.9
2934,65.71,14.06
2935,65.71,14.23
2936,65.71,14.4
2937,65.71,14.57
2938,65.71,14.74
2939,65.79,12.38
2940,65.79,12.55
2941,65.79,12.72
2942,65.79,12.89
2943,65.79,13.05
2944,65.79,13.22
2945,65.79,13.39
2946,65.79,13.56
2947,65.79,13.73
2948,65.79,13.9
2949,65.79,14.06
2950,65.79,14.23
2951,65.79,14.4
2952,65.79,14.57
2953,65.79,14.74
2954,65.87,12.55
2955,65.87,12.72
2956,65.87,12.89
2957,65.87,13.05
2958,65.87,13.22
2959,65.87,13.39
2960,65.87,13.56
2961,65.87,13.73
2962,65.87,13.9
2963,65.87,14.06
2964,65.87,14.23
2965,65.87,14.4
2966,65.87,14.57
2967,65.87,14.74
2968,65.95,12.55
2969,65.95,12.72
2970,65.95,12.89
2971,65.95,13.05
2972,65.95,13.22
2973,65.95,13.39
2974,65.95,13.56
2975,65.95,13.73
2976,65.95,13.9
2977,65.95,14.06
2978,65.95,14.23
2979,65.95,14.4
2980,65.95,14.57
2981,65.95,14.74
2982,65.95,14.91
2983,66.04,12.55
2984,66.04,12.72
2985,66.04,12.89
2986,66.04,13.05
2987,66.04,13.22
2988,66.04,13.39
2989,66.04,13.56
2990,66.04,13.73
2991,66.04,13.9
2992,66.04,14.06
2993,66.04,14.23
2994,66.04,14.4
2995,66.04,14.57
2996,66.04,14.74
2997,66.04,14.91
2998,66.12,12.72
2999,66.12,12.89
3000,66.12,13.05
3001,66.12,13.22
3002,66.12,13.39
3003,66.12,13.56
3004,66.12,13.73
3005,66.12,13.9
3006,66.12,14.06
3007,66.12,14.23
3008,66.12,14.4
3009,66.12,14.57
3010,66.12,14.74
3011,66.12,14.91
3012,66.12,15.07
3013,66.2,12.72
3014,66.2,12.89
3015,66.2,13.05
3016,66.2,13.22
3017,66.2,13.39
3018,66.2,13.56
3019,66.2,13.73
3020,66.2,13.9
3021,66.2,14.06
3022,66.2,14.23
3023,66.2,14.4
3024,66.2,14.57
3025,66.2,14.74
3026,66.2,14.91
3027,66.2,15.07
3028,66.28,12.89
3029,66.28,13.05
3030,66.28,13.22
3031,66.28,13.39
3032,66.28,13.56
3033,66.28,13.73
3034,66.28,13.9
3035,66.28,14.06
3036,66.28,14.23
3037,66.28,14.4
3038,66.28,14.57
3039,66.28,14.74
3040,66.28,14.91
3041,66.28,15.07
3042,66.28,15.24
3043,66.36,12.89
3044,66.36,13.05
3045,66.36,13.22
3046,66.36,13.39
3047,66.36,13.56
3048,66.36,13.73
3049,66.36,13.9
3050,66.36,14.06
3051,66.36,14.23
3052,66.36,14.4
3053,66.36,14.57
3054,66.36,14.74
3055,66.36,14.91
3056,66.36,15.07
3057,66.36,15.24
3058,66.36,15.41
3059,66.44,13.05
3060,66.44,13.22
3061,66.44,13.39
3062,66.44,13.56
3063,66.44,13.73
3064,66.44,13.9
3065,66.44,14.06
3066,66.44,14.23
3067,66.44,14.4
3068,66.44,14.57
3069,66.44,14.74
3070,66.44,14.91
3071,66.44,15.07
3072,66.44,15.24
3073,66.44,15.41
3074,66.52,13.22
3075,66.52,13.39
3076,66.52,13.56
3077,66.52,13.73
3078,66.52,13.9
3079,66.52,14.06
3080,66.52,14.23
3081,66.52,14.4
3082,66.52,14.57
3083,66.52,14.74
3084,66.52,14.91
3085,66.52,15.07
3086,66.52,15.24
3087,66.52,15.41
3088,66.52,15.58
3089,66.61,13.39
3090,66.61,13.56
3091,66.61,13.73
3092,66.61,13.9
3093,66.61,14.06
3094,66.61,14.23
3095,66.61,14.4
3096,66.61,14.57
3097,66.61,14.74
3098,66.61,14.91
3099,66.61,15.07
3100,66.61,15.24
3101,66.61,15.41
3102,66.61,15.58
3103,66.61,15.75
3104,66.69,13.56
3105,66.69,13.73
3106,66.69,13.9
3107,66.69,14.06
3108,66.69,14.23
3109,66.69,14.4
3110,66.69,14.57
3111,66.69,14.74
3112,66.69,14.91
3113,66.69,15.07
3114,66.69,15.24
3115,66.69,15.41
3116,66.69,15.58
3117,66.69,15.75
3118,66.77,13.73
3119,66.77,13.9
3120,66.77,14.06
3121,66.77,14.23
3122,66.77,14.4
3123,66.77,14.57
3124,66.77,14.74
3125,66.77,14.91
3126,66.77,15.07
3127,66.77,15.24
3128,66.77,15.41
3129,66.77,15.58
3130,66.77,15.75
3131,66.77,15.92
3132,66.85,13.73
3133,66.85,13.9
3134,66.85,14.06
3135,66.85,14.23
3136,66.85,14.4
3137,66.85,14.57
3138,66.85,14.74
3139,66.85,14.91
3140,66.85,15.07
3141,66.85,15.24
3142,66.85,15.41
3143,66.85,15.58
3144,66.85,15.75
3145,66.85,15.92
3146,66.85,16.09
3147,66.93,13.9
3148,66.93,14.06
3149,66.93,14.23
3150,66.93,14.4
3151,66.93,14.57
3152,66.93,14.74
3153,66.93,14.91
3154,66.93,15.07
3155,66.93,15.24
3156,66.93,15.41
3157,66.93,15.58
3158,66.93,15.75
3159,66.93,15.92
3160,66.93,16.09
3161,67.01,14.06
3162,67.01,14.23
3163,67.01,14.4
3164,67.01,14.57
3165,67.01,14.74
3166,67.01,14.91
3167,67.01,15.07
3168,67.01,15.24
3169,67.01,15.41
3170,67.01,15.58
3171,67.01,15.75
3172,67.01,15.92
3173,67.01,16.09
3174,67.01,16.25
3175,67.1,14.23
3176,67.1,14.4
3177,67.1,14.57
3178,67.1,14.74
3179,67.1,14.91
3180,67.1,15.07
3181,67.1,15.24
3182,67.1,15.41
3183,67.1,15.58
3184,67.1,15.75
3185,67.1,15.92
3186,67.1,16.09
3187,67.1,16.25
3188,67.1,16.42
3189,67.18,14.4
3190,67.18,14.57
3191,67.18,14.74
3192,67.18,14.91
3193,67.18,15.07
3194,67.18,15.24
3195,67.18,15.41
3196,67.18,15.58
3197,67.18,15.75
3198,67.18,15.92
3199,67.18,16.09
3200,67.18,16.25
3201,67.18,16.42
3202,67.26,14.57
3203,67.26,14.74
3204,67.26,14.91
3205,67.26,15.07
3206,67.26,15.24
3207,67.26,15.41
3208,67.26,15.58
3209,67.26,15.75
3210,67.26,15.92
3211,67.26,16.09
3212,67.26,16.25
3213,67.26,16.42
3214,67.26,16.59
3215,67.34,14.74
3216,67.34,14.91
3217,67.34,15.07
3218,67.34,15.24
3219,67.34,15.41
3220,67.34,15.58
3221,67.34,15.75
3222,67.34,15.92
3223,67.34,16.09
3224,67.34,16.25
3225,67.34,16.42
3226,67.34,16.59
3227,67.34,16.76
3228,67.42,14.74
3229,67.42,14.91
3230,67.42,15.07
3231,67.42,15.24
3232,67.42,15.41
3233,67.42,15.58
3234,67.42,15.75
3235,67.42,15.92
3236,67.42,16.09
3237,67.42,16.25
3238,67.42,16.42
3239,67.42,16.59
3240,67.42,16.76
3241,67.5,14.91
3242,67.5,15.07
3243,67.5,15.24
3244,67.5,15.41
3245,67.5,15.58
3246,67.5,15.75
3247,67.5,15.92
3248,67.5,16.09
3249,67.5,16.25
3250,67.5,16.42
3251,67.5,16.59
3252,67.5,16.76
3253,67.5,16.93
3254,67.58,15.07
3255,67.58,15.24
3256,67.58,15.41
3257,67.58,15.58
3258,67.58,15.75
3259,67.58,15.92
3260,67.58,16.09
3261,67.58,16.25
3262,67.58,16.42
3263,67.58,16.59
3264,67.58,16.76
3265,67.58,16.93
3266,67.58,17.1
3267,67.67,15.24
3268,67.67,15.41
3269,67.67,15.58
3270,67.67,15.75
3271,67.67,15.92
3272,67.67,16.09
3273,67.67,16.25
3274,67.67,16.42
3275,67.67,16.59
3276,67.67,16.76
3277,67.67,16.93
3278,67.67,17.1
3279,67.75,15.24
3280,67.75,15.41
3281,67.75,15.58
3282,67.75,15.75
3283,67.75,15.92
3284,67.75,16.09
3285,67.75,16.25
3286,67.75,16.42
3287,67.75,16.59
3288,67.75,16.76
3289,67.75,16.93
3290,67.75,17.1
3291,67.75,17.26
3292,67.83,13.05
3293,67.83,15.41
3294,67.83,15.58
3295,67.83,15.75
3296,67.83,15.92
3297,67.83,16.09
3298,67.83,16.25
3299,67.83,16.42
3300,67.83,16.59
3301,67.83,16.76
3302,67.83,16.93
3303,67.83,17.1
3304,67.83,17.26
3305,67.83,17.43
3306,67.91,13.22
3307,67.91,13.39
3308,67.91,13.56
3309,67.91,15.58
3310,67.91,15.75
3311,67.91,15.92
3312,67.91,16.09
3313,67.91,16.25
3314,67.91,16.42
3315,67.91,16.59
3316,67.91,16.76
3317,67.91,16.93
3318,67.91,17.1
3319,67.91,17.26
3320,67.91,17.43
3321,67.99,13.39
3322,67.99,13.56
3323,67.99,13.73
3324,67.99,13.9
3325,67.99,14.06
3326,67.99,14.23
3327,67.99,15.75
3328,67.99,15.92
3329,67.99,16.09
3330,67.99,16.25
3331,67.99,16.42
3332,67.99,16.59
3333,67.99,16.76
3334,67.99,16.93
3335,67.99,17.1
3336,67.99,17.26
3337,67.99,17.43
3338,67.99,17.6
3339,68.07,13.56
3340,68.07,13.73
3341,68.07,13.9
3342,68.07,14.06
3343,68.07,14.23
3344,68.07,14.4
3345,68.07,14.57
3346,68.07,14.74
3347,68.07,15.75
3348,68.07,15.92
3349,68.07,16.09
3350,68.07,16.25
3351,68.07,16.42
3352,68.07,16.59
3353,68.07,16.76
3354,68.07,16.93
3355,68.07,17.1
3356,68.07,17.26
3357,68.07,17.43
3358,68.07,17.6
3359,68.07,17.77
3360,68.15,13.73
3361,68.15,13.9
3362,68.15,14.06
3363,68.15,14.23
3364,68.15,14.4
3365,68.15,14.57
3366,68.15,14.74
3367,68.15,14.91
3368,68.15,15.07
3369,68.15,15.24
3370,68.15,15.92
3371,68.15,16.09
3372,68.15,16.25
3373,68.15,16.42
3374,68.15,16.59
3375,68.15,16.76
3376,68.15,16.93
3377,68.15,17.1
3378,68.15,17.26
3379,68.15,17.43
3380,68.15,17.6
3381,68.15,17.77
3382,68.24,13.9
3383,68.24,14.06
3384,68.24,14.23
3385,68.24,14.4
3386,68.24,14.57
3387,68.24,14.74
3388,68.24,14.91
3389,68.24,15.07
3390,68.24,15.24
3391,68.24,15.41
3392,68.24,15.58
3393,68.24,15.75
3394,68.24,15.92
3395,68.24,16.09
3396,68.24,16.25
3397,68.24,16.42
3398,68.24,16.59
3399,68.24,16.76
3400,68.24,16.93
3401,68.24,17.1
3402,68.24,17.26
3403,68.24,17.43
3404,68.24,17.6
3405,68.24,17.77
3406,68.24,17.94
3407,68.32,14.06
3408,68.32,14.23
3409,68.32,14.4
3410,68.32,14.57
3411,68.32,14.74
3412,68.32,14.91
3413,68.32,15.07
3414,68.32,15.24
3415,68.32,15.41
3416,68.32,15.58
3417,68.32,15.75
3418,68.32,15.92
3419,68.32,16.09
3420,68.32,16.25
3421,68.32,16.42
3422,68.32,16.59
3423,68.32,16.76
3424,68.32,16.93
3425,68.32,17.1
3426,68.32,17.26
3427,68.32,17.43
3428,68.32,17.6
3429,68.32,17.77
3430,68.32,17.94
3431,68.32,18.11
3432,68.4,14.23
3433,68.4,14.4
3434,68.4,14.57
3435,68.4,14.74
3436,68.4,14.91
3437,68.4,15.07
3438,68.4,15.24
3439,68.4,15.41
3440,68.4,15.58
3441,68.4,15.75
3442,68.4,15.92
3443,68.4,16.09
3444,68.4,16.25
3445,68.4,16.42
3446,68.4,16.59
3447,68.4,16.76
3448,68.4,16.93
3449,68.4,17.1
3450,68.4,17.26
3451,68.4,17.43
3452,68.4,17.6
3453,68.4,17.77
3454,68.4,17.94
3455,68.4,18.11
3456,68.48,14.4
3457,68.48,14.57
3458,68.48,14.74
3459,68.48,14.91
3460,68.48,15.07
3461,68.48,15.24
3462,68.48,15.41
3463,68.48,15.58
3464,68.48,15.75
3465,68.48,15.92
3466,68.48,16.09
3467,68.48,16.25
3468,68.48,16.42
3469,68.48,16.59
3470,68.48,16.76
3471,68.48,16.93
3472,68.48,17.1
3473,68.48,17.26
3474,68.48,17.43
3475,68.48,17.6
3476,68.48,17.77
3477,68.48,17.94
3478,68.48,18.11
3479,68.48,18.27
3480,68.48,18.44
3481,68.48,18.61
3482,68.48,18.78
3483,68.48,18.95
3484,68.48,19.12
3485,68.48,19.28
3486,68.48,19.45
3487,68.48,19.62
3488,68.56,14.57
3489,68.56,14.74
3490,68.56,14.91
3491,68.56,15.07
3492,68.56,15.24
3493,68.56,15.41
3494,68.56,15.58
3495,68.56,15.75
3496,68.56,15.92
3497,68.56,16.09
3498,68.56,16.25
3499,68.56,16.42
3500,68.56,16.59
3501,68.56,16.76
3502,68.56,16.93
3503,68.56,17.1
3504,68.56,17.26
3505,68.56,17.43
3506,68.56,17.6
3507,68.56,17.77
3508,68.56,17.94
3509,68.56,18.11
3510,68.56,18.27
3511,68.56,18.44
3512,68.56,18.61
3513,68.56,18.78
3514,68.56,18.95
3515,68.56,19.12
3516,68.56,19.28
3517,68.56,19.45
3518,68.56,19.62
3519,68.56,19.79
3520,68.64,14.74
3521,68.64,14.91
3522,68.64,15.07
3523,68.64,15.24
3524,68.64,15.41
3525,68.64,15.58
3526,68.64,15.75
3527,68.64,15.92
3528,68.64,16.09
3529,68.64,16.25
3530,68.64,16.42
3531,68.64,16.59
3532,68.64,16.76
3533,68.64,16.93
3534,68.64,17.1
3535,68.64,17.26
3536,68.64,17.43
3537,68.64,17.6
3538,68.64,17.77
3539,68.64,17.94
3540,68.64,18.11
3541,68.64,18.27
3542,68.64,18.44
3543,68.64,18.61
3544,68.64,18.78
3545,68.64,18.95
3546,68.64,19.12
3547,68.64,19.28
3548,68.64,19.45
3549,68.64,19.62
3550,68.64,19.79
3551,68.64,19.96
3552,68.64,22.99
3553,68.64,23.16
3554,68.64,23.33
3555,68.64,23.49
3556,68.64,23.66
3557,68.64,23.83
3558,68.64,24.0
3559,68.64,24.17
3560,68.64,24.34
3561,68.64,24.5
3562,68.64,24.67
3563,68.64,24.84
3564,68.64,25.01
3565,68.72,14.91
3566,68.72,15.07
3567,68.72,15.24
3568,68.72,15.41
3569,68.72,15.58
3570,68.72,15.75
3571,68.72,15.92
3572,68.72,16.09
3573,68.72,16.25
3574,68.72,16.42
3575,68.72,16.59
3576,68.72,16.76
3577,68.72,16.93
3578,68.72,17.1
3579,68.72,17.26
3580,68.72,17.43
3581,68.72,17.6
3582,68.72,17.77
3583,68.72,17.94
3584,68.72,18.11
3585,68.72,18.27
3586,68.72,18.44
3587,68.72,18.61
3588,68.72,18.78
3589,68.72,18.95
3590,68.72,19.12
3591,68.72,19.28
3592,68.72,19.45
3593,68.72,19.62
3594,68.72,19.79
3595,68.72,19.96
3596,68.72,20.13
3597,68.72,22.82
3598,68.72,22.99
3599,68.72,23.16
3600,68.72,23.33
3601,68.72,23.49
3602,68.72,23.66
3603,68.72,23.83
3604,68.72,24.0
3605,68.72,24.17
3606,68.72,24.34
3607,68.72,24.5
3608,68.72,24.67
3609,68.72,24.84
3610,68.72,25.01
3611,68.72,25.18
3612,68.81,15.07
3613,68.81,15.24
3614,68.81,15.41
3615,68.81,15.58
3616,68.81,15.75
3617,68.81,15.92
3618,68.81,16.09
3619,68.81,16.25
3620,68.81,16.42
3621,68.81,16.59
3622,68.81,16.76
3623,68.81,16.93
3624,68.81,17.1
3625,68.81,17.26
3626,68.81,17.43
3627,68.81,17.6
3628,68.81,17.77
3629,68.81,17.94
3630,68.81,18.11
3631,68.81,18.27
3632,68.81,18.44
3633,68.81,18.61
3634,68.81,18.78
3635,68.81,18.95
3636,68.81,19.12
3637,68.81,19.28
3638,68.81,19.45
3639,68.81,19.62
3640,68.81,19.79
3641,68.81,19.96
3642,68.81,20.13
3643,68.81,20.29
3644,68.81,22.65
3645,68.81,22.82
3646,68.81,22.99
3647,68.81,23.16
3648,68.81,23.33
3649,68.81,23.49
3650,68.81,23.66
3651,68.81,23.83
3652,68.81,24.0
3653,68.81,24.17
3654,68.81,24.34
3655,68.81,24.5
3656,68.81,24.67
3657,68.81,24.84
3658,68.81,25.01
3659,68.81,25.18
3660,68.89,15.24
3661,68.89,15.41
3662,68.89,15.58
3663,68.89,15.75
3664,68.89,15.92
3665,68.89,16.09
3666,68.89,16.25
3667,68.89,16.42
3668,68.89,16.59
3669,68.89,16.76
3670,68.89,16.93
3671,68.89,17.1
3672,68.89,17.26
3673,68.89,17.43
3674,68.89,17.6
3675,68.89,17.77
3676,68.89,17.94
3677,68.89,18.11
3678,68.89,18.27
3679,68.89,18.44
3680,68.89,18.61
3681,68.89,18.78
3682,68.89,18.95
3683,68.89,19.12
3684,68.89,19.28
3685,68.89,19.45
3686,68.89,19.62
3687,68.89,19.79
3688,68.89,19.96
3689,68.89,20.13
3690,68.89,20.29
3691,68.89,20.46
3692,68.89,22.48
3693,68.89,22.65
3694,68.89,22.82
3695,68.89,22.99
3696,68.89,23.16
3697,68.89,23.33
3698,68.89,23.49
3699,68.89,23.66
3700,68.89,23.83
3701,68.89,24.0
3702,68.89,24.17
3703,68.89,24.34
3704,68.89,24.5
3705,68.89,24.67
3706,68.89,24.84
3707,68.89,25.01
3708,68.89,25.18
3709,68.89,25.35
3710,68.97,15.41
3711,68.97,15.58
3712,68.97,15.75
3713,68.97,15.92
3714,68.97,16.09
3715,68.97,16.25
3716,68.97,16.42
3717,68.97,16.59
3718,68.97,16.76
3719,68.97,17.1
3720,68.97,17.26
3721,68.97,17.43
3722,68.97,17.6
3723,68.97,17.77
3724,68.97,17.94
3725,68.97,18.11
3726,68.97,18.27
3727,68.97,18.44
3728,68.97,18.61
3729,68.97,18.78
3730,68.97,18.95
3731,68.97,19.12
3732,68.97,19.28
3733,68.97,19.45
3734,68.97,19.62
3735,68.97,19.79
3736,68.97,19.96
3737,68.97,20.13
3738,68.97,20.29
3739,68.97,20.46
3740,68.97,20.63
3741,68.97,22.15
3742,68.97,22.32
3743,68.97,22.48
3744,68.97,22.65
3745,68.97,22.82
3746,68.97,22.99
3747,68.97,23.16
3748,68.97,23.33
3749,68.97,23.49
3750,68.97,23.66
3751,68.97,23.83
3752,68.97,24.0
3753,68.97,24.17
3754,68.97,24.34
3755,68.97,24.5
3756,68.97,24.67
3757,68.97,24.84
3758,68.97,25.01
3759,68.97,25.18
3760,68.97,25.35
3761,68.97,25.52
3762,69.05,15.58
3763,69.05,15.75
3764,69.05,15.92
3765,69.05,16.09
3766,69.05,16.25
3767,69.05,16.42
3768,69.05,16.59
3769,69.05,17.1
3770,69.05,17.26
3771,69.05,17.43
3772,69.05,17.6
3773,69.05,17.77
3774,69.05,17.94
3775,69.05,18.11
3776,69.05,18.27
3777,69.05,18.44
3778,69.05,18.61
3779,69.05,18.78
3780,69.05,18.95
3781,69.05,19.12
3782,69.05,19.28
3783,69.05,19.45
3784,69.05,19.62
3785,69.05,19.79
3786,69.05,19.96
3787,69.05,20.13
3788,69.05,20.29
3789,69.05,20.46
3790,69.05,20.63
3791,69.05,20.8
3792,69.05,21.98
3793,69.05,22.15
3794,69.05,22.32
3795,69.05,22.48
3796,69.05,22.65
3797,69.05,22.82
3798,69.05,22.99
3799,69.05,23.16
3800,69.05,23.33
3801,69.05,23.49
3802,69.05,23.66
3803,69.05,23.83
3804,69.05,24.0
3805,69.05,24.17
3806,69.05,24.34
3807,69.05,24.5
3808,69.05,24.67
3809,69.05,24.84
3810,69.05,25.01
3811,69.05,25.18
3812,69.05,25.35
3813,69.05,25.52
3814,69.13,15.75
3815,69.13,15.92
3816,69.13,16.09
3817,69.13,16.25
3818,69.13,17.26
3819,69.13,17.43
3820,69.13,17.6
3821,69.13,17.77
3822,69.13,17.94
3823,69.13,18.11
3824,69.13,18.27
3825,69.13,18.44
3826,69.13,18.61
3827,69.13,18.78
3828,69.13,18.95
3829,69.13,19.12
3830,69.13,19.28
3831,69.13,19.45
3832,69.13,19.62
3833,69.13,19.79
3834,69.13,19.96
3835,69.13,20.13
3836,69.13,20.29
3837,69.13,20.46
3838,69.13,20.63
3839,69.13,20.8
3840,69.13,20.97
3841,69.13,21.14
3842,69.13,21.31
3843,69.13,21.81
3844,69.13,21.98
3845,69.13,22.15
3846,69.13,22.32
3847,69.13,22.48
3848,69.13,22.65
3849,69.13,22.82
3850,69.13,22.99
3851,69.13,23.16
3852,69.13,23.33
3853,69.13,23.49
3854,69.13,23.66
3855,69.13,23.83
3856,69.13,24.0
3857,69.13,24.17
3858,69.13,24.34
3859,69.13,24.5
3860,69.13,24.67
3861,69.13,24.84
3862,69.13,25.01
3863,69.13,25.18
3864,69.13,25.35
3865,69.13,25.52
3866,69.13,25.68
3867,69.21,15.92
3868,69.21,16.09
3869,69.21,17.26
3870,69.21,17.43
3871,69.21,17.6
3872,69.21,17.77
3873,69.21,17.94
3874,69.21,18.11
3875,69.21,18.27
3876,69.21,18.44
3877,69.21,18.61
3878,69.21,18.78
3879,69.21,18.95
3880,69.21,19.12
3881,69.21,19.28
3882,69.21,19.45
3883,69.21,19.62
3884,69.21,19.79
3885,69.21,19.96
3886,69.21,20.13
3887,69.21,20.29
3888,69.21,20.46
3889,69.21,20.63
3890,69.21,20.8
3891,69.21,20.97
3892,69.21,21.14
3893,69.21,21.31
3894,69.21,21.47
3895,69.21,21.64
3896,69.21,21.81
3897,69.21,21.98
3898,69.21,22.15
3899,69.21,22.32
3900,69.21,22.48
3901,69.21,22.65
3902,69.21,22.82
3903,69.21,22.99
3904,69.21,23.16
3905,69.21,23.33
3906,69.21,23.49
3907,69.21,23.66
3908,69.21,23.83
3909,69.21,24.0
3910,69.21,24.17
3911,69.21,24.34
3912,69.21,24.5
3913,69.21,24.67
3914,69.21,24.84
3915,69.21,25.01
3916,69.21,25.18
3917,69.21,25.35
3918,69.21,25.52
3919,69.21,25.68
3920,69.21,25.85
3921,69.29,17.26
3922,69.29,17.43
3923,69.29,17.6
3924,69.29,17.77
3925,69.29,17.94
3926,69.29,18.11
3927,69.29,18.27
3928,69.29,18.44
3929,69.29,18.61
3930,69.29,18.78
3931,69.29,18.95
3932,69.29,19.12
3933,69.29,19.28
3934,69.29,19.45
3935,69.29,19.62
3936,69.29,19.79
3937,69.29,19.96
3938,69.29,20.13
3939,69.29,20.29
3940,69.29,20.46
3941,69.29,20.63
3942,69.29,20.8
3943,69.29,20.97
3944,69.29,21.14
3945,69.29,21.31
3946,69.29,21.47
3947,69.29,21.64
3948,69.29,21.81
3949,69.29,21.98
3950,69.29,22.15
3951,69.29,22.32
3952,69.29,22.48
3953,69.29,22.65
3954,69.29,22.82
3955,69.29,22.99
3956,69.29,23.16
3957,69.29,23.33
3958,69.29,23.49
3959,69.29,23.66
3960,69.29,23.83
3961,69.29,24.0
3962,69.29,24.17
3963,69.29,24.34
3964,69.29,24.5
3965,69.29,24.67
3966,69.29,24.84
3967,69.29,25.01
3968,69.29,25.18
3969,69.29,25.35
3970,69.29,25.52
3971,69.29,25.68
3972,69.29,25.85
3973,69.38,17.26
3974,69.38,17.43
3975,69.38,17.6
3976,69.38,17.77
3977,69.38,17.94
3978,69.38,18.11
3979,69.38,18.27
3980,69.38,18.44
3981,69.38,18.61
3982,69.38,18.78
3983,69.38,18.95
3984,69.38,19.12
3985,69.38,19.28
3986,69.38,19.45
3987,69.38,19.62
3988,69.38,19.79
3989,69.38,19.96
3990,69.38,20.13
3991,69.38,20.29
3992,69.38,20.46
3993,69.38,20.63
3994,69.38,20.8
3995,69.38,20.97
3996,69.38,21.14
3997,69.38,21.31
3998,69.38,21.47
3999,69.38,21.64
4000,69.38,21.81
4001,69.38,21.98
4002,69.38,22.15
4003,69.38,22.32
4004,69.38,22.48
4005,69.38,22.65
4006,69.38,22.82
4007,69.38,22.99
4008,69.38,23.16
4009,69.38,23.33
4010,69.38,23.49
4011,69.38,23.66
4012,69.38,23.83
4013,69.38,24.0
4014,69.38,24.17
4015,69.38,24.34
4016,69.38,24.5
4017,69.38,24.67
4018,69.38,24.84
4019,69.38,25.01
4020,69.38,25.18
4021,69.38,25.35
4022,69.38,25.52
4023,69.38,25.68
4024,69.38,25.85
4025,69.38,26.02
4026,69.46,17.26
4027,69.46,17.43
4028,69.46,17.6
4029,69.46,17.77
4030,69.46,17.94
4031,69.46,18.11
4032,69.46,18.27
4033,69.46,18.44
4034,69.46,18.61
4035,69.46,18.78
4036,69.46,18.95
4037,69.46,19.12
4038,69.46,19.28
4039,69.46,19.45
4040,69.46,19.62
4041,69.46,19.79
4042,69.46,19.96
4043,69.46,20.13
4044,69.46,20.29
4045,69.46,20.46
4046,69.46,20.63
4047,69.46,20.8
4048,69.46,20.97
4049,69.46,21.14
4050,69.46,21.31
4051,69.46,21.47
4052,69.46,21.64
4053,69.46,21.81
4054,69.46,21.98
4055,69.46,22.15
4056,69.46,22.32
4057,69.46,22.48
4058,69.46,22.65
4059,69.46,22.82
4060,69.46,22.99
4061,69.46,23.16
4062,69.46,23.33
4063,69.46,23.49
4064,69.46,23.66
4065,69.46,23.83
4066,69.46,24.0
4067,69.46,24.17
4068,69.46,24.34
4069,69.46,24.5
4070,69.46,24.67
4071,69.46,24.84
4072,69.46,25.01
4073,69.46,25.18
4074,69.46,25.35
4075,69.46,25.52
4076,69.46,25.68
4077,69.46,25.85
4078,69.46,26.02
4079,69.46,26.19
4080,69.54,17.26
4081,69.54,17.43
4082,69.54,17.6
4083,69.54,17.77
4084,69.54,17.94
4085,69.54,18.11
4086,69.54,18.27
4087,69.54,18.44
4088,69.54,18.61
4089,69.54,18.78
4090,69.54,18.95
4091,69.54,19.12
4092,69.54,19.28
4093,69.54,19.45
4094,69.54,19.62
4095,69.54,19.79
4096,69.54,19.96
4097,69.54,20.13
4098,69.54,20.29
4099,69.54,20.46
4100,69.54,20.63
4101,69.54,20.8
4102,69.54,20.97
4103,69.54,21.14
4104,69.54,21.31
4105,69.54,21.47
4106,69.54,21.64
4107,69.54,21.81
4108,69.54,21.98
4109,69.54,22.15
4110,69.54,22.32
4111,69.54,22.48
4112,69.54,22.65
4113,69.54,22.82
4114,69.54,22.99
4115,69.54,23.16
4116,69.54,23.33
4117,69.54,23.49
4118,69.54,23.66
4119,69.54,23.83
4120,69.54,24.0
4121,69.54,24.17
4122,69.54,24.34
4123,69.54,24.5
4124,69.54,24.67
4125,69.54,24.84
4126,69.54,25.01
4127,69.54,25.18
4128,69.54,25.35
4129,69.54,25.52
4130,69.54,25.68
4131,69.54,25.85
4132,69.54,26.02
4133,69.54,26.19
4134,69.62,17.43
4135,69.62,17.6
4136,69.62,17.77
4137,69.62,17.94
4138,69.62,18.11
4139,69.62,18.27
4140,69.62,18.44
4141,69.62,18.61
4142,69.62,18.78
4143,69.62,18.95
4144,69.62,19.12
4145,69.62,19.28
4146,69.62,19.45
4147,69.62,19.62
4148,69.62,19.79
4149,69.62,19.96
4150,69.62,20.13
4151,69.62,20.29
4152,69.62,20.46
4153,69.62,20.63
4154,69.62,20.8
4155,69.62,20.97
4156,69.62,21.14
4157,69.62,21.31
4158,69.62,21.47
4159,69.62,21.64
4160,69.62,21.81
4161,69.62,21.98
4162,69.62,22.15
4163,69.62,22.32
4164,69.62,22.48
4165,69.62,22.65
4166,69.62,22.82
4167,69.62,22.99
4168,69.62,23.16
4169,69.62,23.33
4170,69.62,23.49
4171,69.62,23.66
4172,69.62,23.83
4173,69.62,24.0
4174,69.62,24.17
4175,69.62,24.34
4176,69.62,24.5
4177,69.62,24.67
4178,69.62,24.84
4179,69.62,25.01
4180,69.62,25.18
4181,69.62,25.35
4182,69.62,25.52
4183,69.62,25.68
4184,69.62,25.85
4185,69.62,26.02
4186,69.62,26.19
4187,69.62,26.36
4188,69.7,17.77
4189,69.7,17.94
4190,69.7,18.11
4191,69.7,18.27
4192,69.7,18.44
4193,69.7,18.61
4194,69.7,18.78
4195,69.7,18.95
4196,69.7,19.12
4197,69.7,19.28
4198,69.7,19.45
4199,69.7,19.62
4200,69.7,19.79
4201,69.7,19.96
4202,69.7,20.13
4203,69.7,20.29
4204,69.7,20.46
4205,69.7,20.63
4206,69.7,20.8
4207,69.7,20.97
4208,69.7,21.14
4209,69.7,21.31
4210,69.7,21.47
4211,69.7,21.64
4212,69.7,21.81
4213,69.7,21.98
4214,69.7,22.15
4215,69.7,22.32
4216,69.7,22.48
4217,69.7,22.65
4218,69.7,22.82
4219,69.7,22.99
4220,69.7,23.16
4221,69.7,23.33
4222,69.7,23.49
4223,69.7,23.66
4224,69.7,23.83
4225,69.7,24.0
4226,69.7,24.17
4227,69.7,24.34
4228,69.7,24.5
4229,69.7,24.67
4230,69.7,24.84
4231,69.7,25.01
4232,69.7,25.18
4233,69.7,25.35
4234,69.7,25.52
4235,69.7,25.68
4236,69.7,25.85
4237,69.7,26.02
4238,69.7,26.19
4239,69.7,26.36
4240,69.78,17.94
4241,69.78,18.11
4242,69.78,18.27
4243,69.78,18.44
4244,69.78,18.61
4245,69.78,18.78
4246,69.78,18.95
4247,69.78,19.12
4248,69.78,19.28
4249,69.78,19.45
4250,69.78,19.62
4251,69.78,19.79
4252,69.78,19.96
4253,69.78,20.13
4254,69.78,20.29
4255,69.78,20.46
4256,69.78,20.63
4257,69.78,20.8
4258,69.78,20.97
4259,69.78,21.14
4260,69.78,21.31
4261,69.78,21.47
4262,69.78,21.64
4263,69.78,21.81
4264,69.78,21.98
4265,69.78,22.15
4266,69.78,22.32
4267,69.78,22.48
4268,69.78,22.65
4269,69.78,22.82
4270,69.78,22.99
4271,69.78,23.16
4272,69.78,23.33
4273,69.78,23.49
4274,69.78,23.66
4275,69.78,23.83
4276,69.78,24.0
4277,69.78,24.17
4278,69.78,24.34
4279,69.78,24.5
4280,69.78,24.67
4281,69.78,24.84
4282,69.78,25.01
4283,69.78,25.18
4284,69.78,25.35
4285,69.78,25.52
4286,69.78,25.68
4287,69.78,25.85
4288,69.78,26.02
4289,69.78,26.19
4290,69.78,26.36
4291,69.78,26.53
4292,69.78,29.22
4293,69.87,18.11
4294,69.87,18.27
4295,69.87,18.44
4296,69.87,18.61
4297,69.87,18.78
4298,69.87,18.95
4299,69.87,19.12
4300,69.87,19.28
4301,69.87,19.45
4302,69.87,19.62
4303,69.87,19.79
4304,69.87,19.96
4305,69.87,20.13
4306,69.87,20.29
4307,69.87,20.46
4308,69.87,20.63
4309,69.87,20.8
4310,69.87,20.97
4311,69.87,21.14
4312,69.87,21.31
4313,69.87,21.47
4314,69.87,21.64
4315,69.87,21.81
4316,69.87,21.98
4317,69.87,22.15
4318,69.87,22.32
4319,69.87,22.48
4320,69.87,22.65
4321,69.87,22.82
4322,69.87,22.99
4323,69.87,23.16
4324,69.87,23.33
4325,69.87,23.49
4326,69.87,23.66
4327,69.87,23.83
4328,69.87,24.0
4329,69.87,24.17
4330,69.87,24.34
4331,69.87,24.5
4332,69.87,24.67
4333,69.87,24.84
4334,69.87,25.01
4335,69.87,25.18
4336,69.87,25.35
4337,69.87,25.52
4338,69.87,25.68
4339,69.87,25.85
4340,69.87,26.02
4341,69.87,26.19
4342,69.87,26.36
4343,69.87,26.53
4344,69.87,26.69
4345,69.87,26.86
4346,69.87,28.71
4347,69.87,28.88
4348,69.87,29.05
4349,69.87,29.22
4350,69.87,29.39
4351,69.95,18.44
4352,69.95,18.61
4353,69.95,18.78
4354,69.95,18.95
4355,69.95,19.12
4356,69.95,19.28
4357,69.95,19.45
4358,69.95,19.62
4359,69.95,19.79
4360,69.95,19.96
4361,69.95,20.13
4362,69.95,20.29
4363,69.95,20.46
4364,69.95,20.63
4365,69.95,20.8
4366,69.95,20.97
4367,69.95,21.14
4368,69.95,21.31
4369,69.95,21.47
4370,69.95,21.64
4371,69.95,21.81
4372,69.95,21.98
4373,69.95,22.15
4374,69.95,22.32
4375,69.95,22.48
4376,69.95,22.65
4377,69.95,22.82
4378,69.95,22.99
4379,69.95,23.16
4380,69.95,23.33
4381,69.95,23.49
4382,69.95,23.66
4383,69.95,23.83
4384,69.95,24.0
4385,69.95,24.17
4386,69.95,24.34
4387,69.95,24.5
4388,69.95,24.67
4389,69.95,24.84
4390,69.95,25.01
4391,69.95,25.18
4392,69.95,25.35
4393,69.95,25.52
4394,69.95,25.68
4395,69.95,25.85
4396,69.95,26.02
4397,69.95,26.19
4398,69.95,26.36
4399,69.95,26.53
4400,69.95,26.69
4401,69.95,26.86
4402,69.95,27.03
4403,69.95,27.2
4404,69.95,27.37
4405,69.95,28.21
4406,69.95,28.38
4407,69.95,28.55
4408,69.95,28.71
4409,69.95,28.88
4410,69.95,29.05
4411,69.95,29.22
4412,69.95,29.39
4413,69.95,29.56
4414,70.03,18.61
4415,70.03,18.78
4416,70.03,18.95
4417,70.03,19.12
4418,70.03,19.28
4419,70.03,19.45
4420,70.03,19.62
4421,70.03,19.79
4422,70.03,19.96
4423,70.03,20.13
4424,70.03,20.29
4425,70.03,20.46
4426,70.03,20.63
4427,70.03,20.8
4428,70.03,20.97
4429,70.03,21.14
4430,70.03,21.31
4431,70.03,21.47
4432,70.03,21.64
4433,70.03,21.81
4434,70.03,21.98
4435,70.03,22.15
4436,70.03,22.32
4437,70.03,22.48
4438,70.03,22.65
4439,70.03,22.82
4440,70.03,22.99
4441,70.03,23.16
4442,70.03,23.33
4443,70.03,23.49
4444,70.03,23.66
4445,70.03,23.83
4446,70.03,24.0
4447,70.03,24.17
4448,70.03,24.34
4449,70.03,24.5
4450,70.03,24.67
4451,70.03,24.84
4452,70.03,25.01
4453,70.03,25.18
4454,70.03,25.35
4455,70.03,25.52
4456,70.03,25.68
4457,70.03,25.85
4458,70.03,26.02
4459,70.03,26.19
4460,70.03,26.36
4461,70.03,26.53
4462,70.03,26.69
4463,70.03,26.86
4464,70.03,27.03
4465,70.03,27.2
4466,70.03,27.37
4467,70.03,27.54
4468,70.03,27.7
4469,70.03,27.87
4470,70.03,28.04
4471,70.03,28.21
4472,70.03,28.38
4473,70.03,28.55
4474,70.03,28.71
4475,70.03,28.88
4476,70.03,29.05
4477,70.03,29.22
4478,70.03,29.39
4479,70.03,29.56
4480,70.03,29.72
4481,70.03,29.89
4482,70.11,18.78
4483,70.11,18.95
4484,70.11,19.12
4485,70.11,19.28
4486,70.11,19.45
4487,70.11,19.62
4488,70.11,19.79
4489,70.11,19.96
4490,70.11,20.13
4491,70.11,20.29
4492,70.11,20.46
4493,70.11,20.63
4494,70.11,20.8
4495,70.11,20.97
4496,70.11,21.14
4497,70.11,21.31
4498,70.11,21.47
4499,70.11,21.64
4500,70.11,21.81
4501,70.11,21.98
4502,70.11,22.15
4503,70.11,22.32
4504,70.11,22.48
4505,70.11,22.65
4506,70.11,22.82
4507,70.11,22.99
4508,70.11,23.16
4509,70.11,23.33
4510,70.11,23.49
4511,70.11,23.66
4512,70.11,23.83
4513,70.11,24.0
4514,70.11,24.17
4515,70.11,24.34
4516,70.11,24.5
4517,70.11,24.67
4518,70.11,24.84
4519,70.11,25.01
4520,70.11,25.18
4521,70.11,25.35
4522,70.11,25.52
4523,70.11,25.68
4524,70.11,25.85
4525,70.11,26.02
4526,70.11,26.19
4527,70.11,26.36
4528,70.11,26.53
4529,70.11,26.69
4530,70.11,26.86
4531,70.11,27.03
4532,70.11,27.2
4533,70.11,27.37
4534,70.11,27.54
4535,70.11,27.7
4536,70.11,27.87
4537,70.11,28.04
4538,70.11,28.21
4539,70.11,28.38
4540,70.11,28.55
4541,70.11,28.71
4542,70.11,28.88
4543,70.11,29.05
4544,70.11,29.22
4545,70.11,29.39
4546,70.11,29.56
4547,70.11,29.72
4548,70.11,29.89
4549,70.11,30.06
4550,70.19,20.8
4551,70.19,20.97
4552,70.19,21.14
4553,70.19,21.31
4554,70.19,21.47
4555,70.19,21.64
4556,70.19,21.81
4557,70.19,21.98
4558,70.19,22.15
4559,70.19,22.32
4560,70.19,22.48
4561,70.19,22.65
4562,70.19,22.82
4563,70.19,22.99
4564,70.19,23.16
4565,70.19,23.33
4566,70.19,23.49
4567,70.19,23.66
4568,70.19,23.83
4569,70.19,24.0
4570,70.19,24.17
4571,70.19,24.34
4572,70.19,24.5
4573,70.19,24.67
4574,70.19,24.84
4575,70.19,25.01
4576,70.19,25.18
4577,70.19,25.35
4578,70.19,25.52
4579,70.19,25.68
4580,70.19,25.85
4581,70.19,26.02
4582,70.19,26.19
4583,70.19,26.36
4584,70.19,26.53
4585,70.19,26.69
4586,70.19,26.86
4587,70.19,27.03
4588,70.19,27.2
4589,70.19,27.37
4590,70.19,27.54
4591,70.19,27.7
4592,70.19,27.87
4593,70.19,28.04
4594,70.19,28.21
4595,70.19,28.38
4596,70.19,28.55
4597,70.19,28.71
4598,70.19,28.88
4599,70.19,29.05
4600,70.19,29.22
4601,70.19,29.39
4602,70.19,29.56
4603,70.19,29.72
4604,70.19,29.89
4605,70.19,30.06
4606,70.19,30.23
4607,70.27,21.64
4608,70.27,21.81
4609,70.27,21.98
4610,70.27,22.15
4611,70.27,22.32
4612,70.27,22.48
4613,70.27,22.65
4614,70.27,22.82
4615,70.27,22.99
4616,70.27,23.16
4617,70.27,23.33
4618,70.27,23.49
4619,70.27,23.66
4620,70.27,23.83
4621,70.27,24.0
4622,70.27,24.17
4623,70.27,24.34
4624,70.27,24.5
4625,70.27,24.67
4626,70.27,24.84
4627,70.27,25.01
4628,70.27,25.18
4629,70.27,25.35
4630,70.27,25.52
4631,70.27,25.68
4632,70.27,25.85
4633,70.27,26.02
4634,70.27,26.19
4635,70.27,26.36
4636,70.27,26.53
4637,70.27,26.69
4638,70.27,26.86
4639,70.27,27.03
4640,70.27,27.2
4641,70.27,27.37
4642,70.27,27.54
4643,70.27,27.7
4644,70.27,27.87
4645,70.27,28.04
4646,70.27,28.21
4647,70.27,28.38
4648,70.27,28.55
4649,70.27,28.71
4650,70.27,28.88
4651,70.27,29.05
4652,70.27,29.22
4653,70.27,29.39
4654,70.27,29.56
4655,70.27,29.72
4656,70.27,29.89
4657,70.27,30.06
4658,70.27,30.23
4659,70.27,30.4
4660,70.27,30.57
4661,70.35,21.81
4662,70.35,21.98
4663,70.35,22.15
4664,70.35,22.32
4665,70.35,22.48
4666,70.35,22.65
4667,70.35,22.82
4668,70.35,22.99
4669,70.35,23.16
4670,70.35,23.33
4671,70.35,23.49
4672,70.35,23.66
4673,70.35,23.83
4674,70.35,24.0
4675,70.35,24.17
4676,70.35,24.34
4677,70.35,24.5
4678,70.35,24.67
4679,70.35,24.84
4680,70.35,25.01
4681,70.35,25.18
4682,70.35,25.35
4683,70.35,25.52
4684,70.35,25.68
4685,70.35,25.85
4686,70.35,26.02
4687,70.35,26.19
4688,70.35,26.36
4689,70.35,26.53
4690,70.35,26.69
4691,70.35,26.86
4692,70.35,27.03
4693,70.35,27.2
4694,70.35,27.37
4695,70.35,27.54
4696,70.35,27.7
4697,70.35,27.87
4698,70.35,28.04
4699,70.35,28.21
4700,70.35,28.38
4701,70.35,28.55
4702,70.35,28.71
4703,70.35,28.88
4704,70.35,29.05
4705,70.35,29.22
4706,70.35,29.39
4707,70.35,29.56
4708,70.35,29.72
4709,70.35,29.89
4710,70.35,30.06
4711,70.35,30.23
4712,70.35,30.4
4713,70.35,30.57
4714,70.35,30.74
4715,70.44,22.15
4716,70.44,22.32
4717,70.44,22.48
4718,70.44,22.65
4719,70.44,22.82
4720,70.44,22.99
4721,70.44,23.16
4722,70.44,23.33
4723,70.44,23.49
4724,70.44,23.66
4725,70.44,23.83
4726,70.44,24.0
4727,70.44,24.17
4728,70.44,24.34
4729,70.44,24.5
4730,70.44,24.67
4731,70.44,24.84
4732,70.44,25.01
4733,70.44,25.18
4734,70.44,25.35
4735,70.44,25.52
4736,70.44,25.68
4737,70.44,25.85
4738,70.44,26.02
4739,70.44,26.19
4740,70.44,26.36
4741,70.44,26.53
4742,70.44,26.69
4743,70.44,26.86
4744,70.44,27.03
4745,70.44,27.2
4746,70.44,27.37
4747,70.44,27.54
4748,70.44,27.7
4749,70.44,27.87
4750,70.44,28.04
4751,70.44,28.21
4752,70.44,28.38
4753,70.44,28.55
4754,70.44,28.71
4755,70.44,28.88
4756,70.44,29.05
4757,70.44,29.22
4758,70.44,29.39
4759,70.44,29.56
4760,70.44,29.72
4761,70.44,29.89
4762,70.44,30.06
4763,70.44,30.23
4764,70.44,30.4
4765,70.44,30.57
4766,70.44,30.74
4767,70.44,30.9
4768,70.52,22.32
4769,70.52,22.48
4770,70.52,22.65
4771,70.52,22.82
4772,70.52,22.99
4773,70.52,23.16
4774,70.52,23.33
4775,70.52,23.49
4776,70.52,23.66
4777,70.52,23.83
4778,70.52,24.0
4779,70.52,24.17
4780,70.52,24.34
4781,70.52,24.5
4782,70.52,24.67
4783,70.52,24.84
4784,70.52,25.01
4785,70.52,25.18
4786,70.52,25.35
4787,70.52,25.52
4788,70.52,25.68
4789,70.52,25.85
4790,70.52,26.02
4791,70.52,26.19
4792,70.52,26.36
4793,70.52,26.53
4794,70.52,26.69
4795,70.52,26.86
4796,70.52,27.03
4797,70.52,27.2
4798,70.52,27.37
4799,70.52,27.54
4800,70.52,27.7
4801,70.52,27.87
4802,70.52,28.04
4803,70.52,28.21
4804,70.52,28.38
4805,70.52,28.55
4806,70.52,28.71
4807,70.52,28.88
4808,70.52,29.05
4809,70.52,29.22
4810,70.52,29.39
4811,70.52,29.56
4812,70.52,29.72
4813,70.52,29.89
4814,70.52,30.06
4815,70.52,30.23
4816,70.52,30.4
4817,70.52,30.57
4818,70.6,22.65
4819,70.6,22.82
4820,70.6,22.99
4821,70.6,23.16
4822,70.6,23.33
4823,70.6,23.49
4824,70.6,23.66
4825,70.6,23.83
4826,70.6,24.0
4827,70.6,24.17
4828,70.6,24.34
4829,70.6,24.5
4830,70.6,24.67
4831,70.6,24.84
4832,70.6,25.01
4833,70.6,25.18
4834,70.6,25.35
4835,70.6,25.52
4836,70.6,25.68
4837,70.6,25.85
4838,70.6,26.02
4839,70.6,26.19
4840,70.6,26.36
4841,70.6,26.53
4842,70.6,26.69
4843,70.6,26.86
4844,70.6,27.03
4845,70.6,27.2
4846,70.6,27.37
4847,70.6,27.54
4848,70.6,27.7
4849,70.6,27.87
4850,70.6,28.04
4851,70.6,28.21
4852,70.6,28.38
4853,70.6,28.55
4854,70.6,28.71
4855,70.6,28.88
4856,70.6,29.05
4857,70.6,29.22
4858,70.6,29.39
4859,70.6,29.56
4860,70.6,29.72
4861,70.6,29.89
4862,70.6,30.06
4863,70.6,30.23
4864,70.68,22.82
4865,70.68,22.99
4866,70.68,23.16
4867,70.68,23.33
4868,70.68,23.49
4869,70.68,23.66
4870,70.68,23.83
4871,70.68,24.0
4872,70.68,24.17
4873,70.68,24.34
4874,70.68,24.5
4875,70.68,24.67
4876,70.68,24.84
4877,70.68,25.01
4878,70.68,25.18
4879,70.68,25.35
4880,70.68,25.52
4881,70.68,25.68
4882,70.68,25.85
4883,70.68,26.02
4884,70.68,26.19
4885,70.68,26.36
4886,70.68,26.53
4887,70.68,26.69
4888,70.68,26.86
4889,70.68,27.03
4890,70.68,27.2
4891,70.68,27.37
4892,70.68,27.54
4893,70.68,27.7
4894,70.68,27.87
4895,70.68,28.04
4896,70.68,28.21
4897,70.68,28.38
4898,70.68,28.55
4899,70.68,28.71
4900,70.68,28.88
4901,70.68,29.05
4902,70.68,29.22
4903,70.68,29.39
4904,70.68,29.56
4905,70.68,29.72
4906,70.68,29.89
4907,70.76,23.16
4908,70.76,23.33
4909,70.76,23.49
4910,70.76,23.66
4911,70.76,23.83
4912,70.76,24.0
4913,70.76,24.17
4914,70.76,24.34
4915,70.76,24.5
4916,70.76,24.67
4917,70.76,24.84
4918,70.76,25.01
4919,70.76,25.18
4920,70.76,25.35
4921,70.76,25.52
4922,70.76,25.68
4923,70.76,25.85
4924,70.76,26.02
4925,70.76,26.19
4926,70.76,26.36
4927,70.76,26.53
4928,70.76,26.69
4929,70.76,26.86
4930,70.76,27.03
4931,70.76,27.2
4932,70.76,27.37
4933,70.76,27.54
4934,70.76,27.7
4935,70.76,27.87
4936,70.76,28.04
4937,70.76,28.21
4938,70.76,28.38
4939,70.76,28.55
4940,70.76,28.71
4941,70.76,28.88
4942,70.76,29.05
4943,70.76,29.22
4944,70.76,29.39
4945,70.76,29.56
4946,70.84,23.66
4947,70.84,23.83
4948,70.84,24.0
4949,70.84,24.17
4950,70.84,24.34
4951,70.84,24.5
4952,70.84,24.67
4953,70.84,24.84
4954,70.84,25.01
4955,70.84,25.18
4956,70.84,25.35
4957,70.84,25.52
4958,70.84,25.68
4959,70.84,25.85
4960,70.84,26.02
4961,70.84,26.19
4962,70.84,26.36
4963,70.84,26.53
4964,70.84,26.69
4965,70.84,26.86
4966,70.84,27.03
4967,70.84,27.2
4968,70.84,27.37
4969,70.84,27.54
4970,70.84,27.7
4971,70.84,27.87
4972,70.84,28.04
4973,70.84,28.21
4974,70.84,28.38
4975,70.84,28.55
4976,70.84,28.71
4977,70.84,28.88
4978,70.84,29.05
4979,70.84,29.22
4980,70.92,24.0
4981,70.92,24.17
4982,70.92,24.34
4983,70.92,24.5
4984,70.92,24.67
4985,70.92,24.84
4986,70.92,25.01
4987,70.92,25.18
4988,70.92,25.35
4989,70.92,25.52
4990,70.92,25.68
4991,70.92,25.85
4992,70.92,26.02
4993,70.92,26.19
4994,70.92,26.36
4995,70.92,26.53
4996,70.92,26.69
4997,70.92,26.86
4998,70.92,27.03
4999,70.92,27.2
5000,70.92,27.37
5001,70.92,27.54
5002,70.92,27.7
5003,70.92,27.87
5004,70.92,28.04
5005,70.92,28.21
5006,70.92,28.38
5007,70.92,28.55
5008,70.92,28.71
5009,70.92,28.88
5010,70.92,29.05
5011,71.01,24.5
5012,71.01,24.67
5013,71.01,24.84
5014,71.01,25.01
5015,71.01,25.18
5016,71.01,25.35
5017,71.01,25.52
5018,71.01,25.68
5019,71.01,25.85
5020,71.01,26.02
5021,71.01,26.19
5022,71.01,26.36
5023,71.01,26.53
5024,71.01,26.69
5025,71.01,26.86
5026,71.01,27.03
5027,71.01,27.2
5028,71.09,25.01
5029,71.09,25.18
